<?xml version="1.0" encoding="UTF-8"?>
<window id="1114">
	<defaultcontrol always="true">70</defaultcontrol>
	<onload condition="String.IsEmpty(Window(home).Property(SkipFocusReset))">SetFocus(51,0)</onload>
	<onunload condition="String.IsEmpty(Window(home).Property(SkipFocusReset))">SetFocus(51,0)</onunload>
	<backgroundcolor>background</backgroundcolor>
	<menucontrol>6666</menucontrol>
	<include content="PropertyIncludes">
		<param name="ShowHeader" value="true"/>
	</include>
	<controls>
		<!-- background -->
		<include>Background</include>
		<!-- Genres -->
		<control type="group" id="70">
			<include content="Genre_View">
				<param name="content" value="$INFO[Window(home).Property(ListGenres)]"/>
			</include>
		</control>
		<!-- scrollbar -->
		<include>Scrollbar</include>
		<!-- header bar -->
		<include content="HeaderBar">
			<param name="id">70</param>
			<param name="auto_hide">false</param>
			<param name="hide_header">$EXP[HideHeaderBasedOnContainer]</param>
		</include>
		<!-- side panel -->
		<include content="SidePanel">
			<param name="onright">70</param>
		</include>
		<!-- busy spinner -->
		<include content="CustomBusySpinner">
			<param name="diffuse" value="false"/>
			<param name="visible" value="Container(51).IsUpdating"/>
		</include>
	</controls>
</window>
