<?xml version="1.0" encoding="UTF-8"?>
<window>
	<defaultcontrol always="true">3</defaultcontrol>
	<include>PropertyIncludes</include>
	<controls>
		<control type="group">
			<visible>![Window.IsVisible(GameVideoFilter) | Window.IsVisible(GameStretchMode) | Window.IsVisible(GameVideoRotation)]</visible>
			<control type="label" id="1">
				<include>HiddenObject</include>
			</control>
			<control type="group">
				<visible>Control.IsVisible(3)</visible>
				<control type="list" id="3">
					<top>-10</top>
					<left>-10</left>
					<width>1</width>
					<height>750</height>
					<pagecontrol>17</pagecontrol>
					<onup>noop</onup>
					<onleft>100</onleft>
					<onright>100</onright>
					<ondown>100</ondown>
					<scrolltime>0</scrolltime>
					<itemlayout height="50"/>
					<focusedlayout height="50"/>
				</control>
				<include content="DiffuseMask">
					<param name="visible">!VideoPlayer.IsFullscreen + !Window.IsVisible(1113)</param>
				</include>
				<control type="group">
					<include>Dialog_PopupOpenClose</include>
					<centerleft>50%</centerleft>
					<include content="ParamWidth" condition="!Window.IsVisible(subtitlesearch) + !Window.IsVisible(osdsubtitlesettings) + !Window.IsVisible(osdaudiosettings)">
						<param name="width" value="600"/>
					</include>
					<include content="ParamWidth" condition="Window.IsVisible(subtitlesearch)">
						<param name="width" value="1000"/>
					</include>
					<include content="ParamWidth" condition="!Window.IsVisible(subtitlesearch) + [Window.IsVisible(osdsubtitlesettings) | Window.IsVisible(osdaudiosettings)]">
						<param name="width" value="800"/>
					</include>
					<centertop>50%</centertop>
					<height>982</height>
					<control type="grouplist">
						<orientation>vertical</orientation>
						<height>auto</height>
						<align>center</align>
						<itemgap>0</itemgap>
						<onright>close</onright>
						<onleft>close</onleft>
						<usecontrolcoords>true</usecontrolcoords>
						<control type="image">
							<width>100%</width>
							<height>61</height>
							<texture border="65,0,65,0" colordiffuse="context_color">dialogs/context/top.png</texture>
						</control>
						<control type="group">
							<visible>!String.IsEmpty(Control.GetLabel(1))</visible>
							<width>100%</width>
							<height>50</height>
							<control type="image">
								<width>100%</width>
								<height>50</height>
								<texture border="65,10,65,10" colordiffuse="context_color">dialogs/context/middle.png</texture>
							</control>
							<control type="label">
								<width>100%</width>
								<height>50</height>
								<align>left</align>
								<aligny>center</aligny>
								<textoffsetx>80</textoffsetx>
								<font>Med22</font>
								<textcolor>disabled</textcolor>
								<shadowcolor>text_shadow</shadowcolor>
								<scroll>true</scroll>
								<label>$INFO[Control.GetLabel(1)]</label>
							</control>
						</control>
						<include content="SmallSelectDialogItem">
							<param name="id" value="0"/>
						</include>
						<include content="SmallSelectDialogItem">
							<param name="id" value="1"/>
						</include>
						<include content="SmallSelectDialogItem">
							<param name="id" value="2"/>
						</include>
						<include content="SmallSelectDialogItem">
							<param name="id" value="3"/>
						</include>
						<include content="SmallSelectDialogItem">
							<param name="id" value="4"/>
						</include>
						<include content="SmallSelectDialogItem">
							<param name="id" value="5"/>
						</include>
						<include content="SmallSelectDialogItem">
							<param name="id" value="6"/>
						</include>
						<include content="SmallSelectDialogItem">
							<param name="id" value="7"/>
						</include>
						<include content="SmallSelectDialogItem">
							<param name="id" value="8"/>
						</include>
						<include content="SmallSelectDialogItem">
							<param name="id" value="9"/>
						</include>
						<include content="SmallSelectDialogItem">
							<param name="id" value="10"/>
						</include>
						<include content="SmallSelectDialogItem">
							<param name="id" value="11"/>
						</include>
						<include content="SmallSelectDialogItem">
							<param name="id" value="12"/>
						</include>
						<include content="SmallSelectDialogItem">
							<param name="id" value="13"/>
						</include>
						<include content="SmallSelectDialogItem">
							<param name="id" value="14"/>
						</include>
						<control type="group">
							<width>100%</width>
							<height>60</height>
							<control type="image">
								<width>100%</width>
								<height>60</height>
								<texture border="65,10,65,10" colordiffuse="context_color">dialogs/context/middle.png</texture>
							</control>
							<control type="grouplist" id="100">
								<top>6</top>
								<width>100%</width>
								<height>50</height>
								<align>center</align>
								<onright>noop</onright>
								<onleft>noop</onleft>
								<ondown>noop</ondown>
								<orientation>horizontal</orientation>
								<itemgap>4</itemgap>
								<control type="button" id="101">
									<height>50</height>
									<include content="LightGreyButton">
										<param name="align-left" value="false"/>
									</include>
									<onup>SetFocus(3)</onup>
									<label>$INFO[Control.GetLabel(5)]</label>
									<onclick>SendClick(5)</onclick>
									<visible>Control.IsVisible(5)</visible>
								</control>
								<control type="button" id="102">
									<height>50</height>
									<include content="LightGreyButton">
										<param name="align-left" value="false"/>
									</include>
									<label>$LOCALIZE[222]</label>
									<onclick condition="!Window.IsVisible(movieinformation)">SendClick(7)</onclick>
									<onclick condition="Window.IsVisible(movieinformation)">close</onclick>
									<onup>SetFocus(3)</onup>
								</control>
							</control>
						</control>
						<control type="image">
							<width>100%</width>
							<height>61</height>
							<texture border="65,0,65,0" colordiffuse="context_color">dialogs/context/bottom.png</texture>
						</control>
					</control>
				</control>
			</control>
			<control type="group">
				<visible>Control.IsVisible(6)</visible>
				<include content="DiffuseMask">
					<param name="color">background_diffuse</param>
					<param name="visible">!Window.IsVisible(script-skinshortcuts.xml)</param>
				</include>
				<control type="grouplist">
					<include>Dialog_PopupOpenClose</include>
					<centerleft>50%</centerleft>
					<centertop>50%</centertop>
					<width>1000</width>
					<height max="940">auto</height>
					<orientation>vertical</orientation>
					<itemgap>20</itemgap>
					<align>center</align>
					<!-- edit -->
					<control type="group">
						<height>50</height>
						<control type="label">
							<width>100%</width>
							<height>48</height>
							<font>Reg24</font>
							<aligny>center</aligny>
							<textoffsetx>5</textoffsetx>
							<textcolor>text_headline</textcolor>
							<label>$INFO[Control.GetLabel(1)]</label>
						</control>
						<include>GreenBar</include>
					</control>
					<control type="group">
						<height>695</height>
						<control type="image">
							<height>695</height>
							<texture colordiffuse="panel_background">common/white.jpg</texture>
							<aspectratio>stretch</aspectratio>
						</control>
						<control type="list" id="6">
							<centerleft>50%</centerleft>
							<top>10</top>
							<height>675</height>
							<onup>noop</onup>
							<onleft>200</onleft>
							<onright condition="Integer.IsGreater(Container(6).NumItems,6)">60</onright>
							<onright condition="!Integer.IsGreater(Numitems,6)">200</onright>
							<ondown>200</ondown>
							<pagecontrol>60</pagecontrol>
							<scrolltime>200</scrolltime>
							<itemlayout height="75" width="1000">
								<control type="image">
									<height>75</height>
									<width>75</width>
									<left>10</left>
									<bordersize>5</bordersize>
									<texture background="true">$VAR[SelectDialogIcon]</texture>
									<aspectratio>keep</aspectratio>
								</control>
								<control type="label">
									<height>45</height>
									<centertop>50%</centertop>
									<right>20</right>
									<left>100</left>
									<aligny>center</aligny>
									<font>Reg24</font>
									<textcolor>panel_textcolor</textcolor>
									<label>$INFO[ListItem.Label]</label>
								</control>
								<control type="label">
									<height>45</height>
									<centertop>50%</centertop>
									<right>30</right>
									<left>100</left>
									<aligny>center</aligny>
									<align>right</align>
									<font>Reg24</font>
									<wrapmultiline>false</wrapmultiline>
									<textcolor>panel_textcolor2</textcolor>
									<label>$INFO[ListItem.Label2]</label>
								</control>
							</itemlayout>
							<focusedlayout height="75" width="1000">
								<control type="image">
									<width>100%</width>
									<height>75</height>
									<texture colordiffuse="panel_focus">common/white.jpg</texture>
									<visible>Control.HasFocus(6)</visible>
								</control>
								<control type="image">
									<height>75</height>
									<width>75</width>
									<left>10</left>
									<bordersize>5</bordersize>
									<texture background="true">$VAR[SelectDialogIcon]</texture>
									<aspectratio>keep</aspectratio>
								</control>
								<control type="label">
									<height>45</height>
									<centertop>50%</centertop>
									<right>20</right>
									<left>100</left>
									<aligny>center</aligny>
									<font>Reg24</font>
									<textcolor>panel_textcolor</textcolor>
									<label>$INFO[ListItem.Label]</label>
								</control>
								<control type="label">
									<height>45</height>
									<centertop>50%</centertop>
									<right>30</right>
									<left>100</left>
									<aligny>center</aligny>
									<align>right</align>
									<font>Reg24</font>
									<textcolor>panel_textcolor2</textcolor>
									<label>$INFO[ListItem.Label2]</label>
								</control>
							</focusedlayout>
						</control>
						<control type="scrollbar" id="60">
							<right>0</right>
							<top>0</top>
							<bottom>0</bottom>
							<width>4</width>
							<onup>60</onup>
							<ondown>60</ondown>
							<onleft>6</onleft>
							<onright>200</onright>
							<orientation>vertical</orientation>
							<showonepage>false</showonepage>
							<texturesliderbackground colordiffuse="00ffffff">common/white.jpg</texturesliderbackground>
							<texturesliderbar colordiffuse="scrollbar_slider">common/white.jpg</texturesliderbar>
							<texturesliderbarfocus colordiffuse="$VAR[AccentColor]">common/white.jpg</texturesliderbarfocus>
						</control>
					</control>
					<control type="grouplist" id="200">
						<height>50</height>
						<width>100%</width>
						<orientation>horizontal</orientation>
						<itemgap>5</itemgap>
						<align>center</align>
						<onright>noop</onright>
						<onleft>noop</onleft>
						<control type="button" id="5">
							<include>DarkGreyButton</include>
							<onup>SetFocus(6)</onup>
							<visible>!String.IsEmpty(Control.GetLabel(5))</visible>
						</control>
						<control type="button" id="7">
							<include>DarkGreyButton</include>
							<label>$LOCALIZE[222]</label>
							<onup>SetFocus(6)</onup>
						</control>
					</control>
				</control>
			</control>
		</control>
		<control type="group">
			<visible>Window.IsVisible(GameVideoFilter) | Window.IsVisible(GameStretchMode) | Window.IsVisible(GameVideoRotation)</visible>
			<control type="group">
				<bottom>0</bottom>
				<height>440</height>
				<control type="label" id="12">
					<include>HiddenObject</include>
				</control>
				<control type="image">
					<bottom>0</bottom>
					<width>100%</width>
					<height>395</height>
					<texture colordiffuse="black">views/player/mask_bottom.png</texture>
				</control>
				<include content="WideWidget">
					<param name="id" value="11"/>
					<param name="layout" value="GameFilterLayout"/>
					<param name="headline" value="[COLOR white]$VAR[GameSettingsHeadline][/COLOR]"/>
					<param name="mainlabel" value="$INFO[ListItem.Label]"/>
					<param name="thumblabel" value="$INFO[ListItem.Label]"/>
					<param name="sublabel" value="$INFO[ListItem.Label2]"/>
					<param name="use_custom_content" value="false"/>
				</include>
			</control>
		</control>
	</controls>
</window>
