<?xml version="1.0" encoding="UTF-8"?>
<includes>
	<include name="PVRSet_View_57">
		<!-- pvr set 57 -->
		<control type="grouplist" id="570">
			<include>Visible_OpenClose</include>
			<visible>Control.IsVisible(57)</visible>
			<width>100%</width>
			<height>100%</height>
			<orientation>vertical</orientation>
			<usecontrolcoords>true</usecontrolcoords>
			<include>ScrollTime</include>
			<itemgap>-80</itemgap>
			<!-- Meta -->
			<control type="group">
				<width>1920</width>
				<height>1077</height>
				<control type="group">
					<top>128</top>
					<!-- Thumb -->
					<include condition="String.IsEmpty(Skin.String(EPGar))">MetaThumbnail</include>
					<include condition="String.IsEqual(Skin.String(EPGar),2to3)">MetaPoster</include>
					<include condition="String.IsEqual(Skin.String(EPGar),4to3)">Meta4to3Thumbnail</include>
					<!-- meta -->
					<control type="group">
						<include condition="String.IsEqual(Skin.String(EPGar),2to3)" content="ParamLeft">
							<param name="left" value="370"/>
						</include>
						<include condition="!String.IsEqual(Skin.String(EPGar),2to3)" content="ParamLeft">
							<param name="left" value="524"/>
						</include>
						<top>-5</top>
						<right>70</right>
						<height>920</height>
						<control type="label">
							<height>50</height>
							<label>$VAR[MainListLabel]</label>
							<font>Reg37</font>
							<aligny>top</aligny>
						</control>
						<control type="label">
							<top>50</top>
							<height>60</height>
							<label fallback="-">$VAR[ListItemEpisodeName]</label>
							<font>Reg37</font>
							<aligny>top</aligny>
						</control>
						<!-- meta -->
						<control type="group">
							<top>110</top>
							<height>40</height>
							<include>MetaPVRInfos</include>
						</control>
						<!-- buttons -->
						<control type="list" id="100">
							<top>138</top>
							<height>130</height>
							<width>100%</width>
							<orientation>horizontal</orientation>
							<defaultcontrol always="true">0</defaultcontrol>
							<onright>noop</onright>
							<onleft>900</onleft>
							<onback>50</onback>
							<ondown>50</ondown>
							<onup>6666</onup>
							<onfocus condition="!Skin.HasSetting(MinimalFocusAnimation)">SetProperty(FocusBounce,1,home)</onfocus>
							<itemlayout height="130" width="146">
								<include content="IconMenu">
									<param name="id" value="100"/>
								</include>
							</itemlayout>
							<focusedlayout height="130" width="146">
								<include content="IconMenu">
									<param name="id" value="100"/>
									<param name="focused" value="true"/>
								</include>
							</focusedlayout>
							<content>
								<item>
									<visible>!String.IsEmpty(ListItem.FileNameAndPath)</visible>
									<label>$LOCALIZE[208]</label>
									<property name="icon">&#xf40a;</property>
									<include>ClearFocusBounceBefore</include>
									<onclick>select</onclick>
								</item>
								<item>
									<visible>!String.IsEmpty(ListItem.Plot)</visible>
									<label>$LOCALIZE[207]</label>
									<property name="icon">&#xf9a9;</property>
									<onclick>RunScript(script.embuary.helper,action=textviewer,header='$ESCINFO[ListItem.Channelname]',message='$ESCVAR[PVRPlot]')</onclick>
								</item>
							</content>
						</control>
						<!-- genre -->
						<control type="group">
							<top>259</top>
							<include>MetaGenre</include>
						</control>
						<!-- plot -->
						<control type="textbox">
							<top>296</top>
							<width>100%</width>
							<height max="200">auto</height>
							<align>justify</align>
							<aligny>top</aligny>
							<label fallback="31156">$VAR[PVRPlot]</label>
							<font>Light24</font>
							<autoscroll>false</autoscroll>
						</control>
					</control>
				</control>
				<control type="group">
					<top>610</top>
					<!-- list -->
					<include condition="String.IsEmpty(Skin.String(EPGar))" content="WideWidget">
						<param name="id" value="57"/>
						<param name="onup" value="100"/>
						<param name="ondown" value="200"/>
						<param name="headline" value="$VAR[ContainerContent]"/>
						<param name="mainlabel" value="$PARAM[mainlabel]"/>
						<param name="sublabel" value="$PARAM[sublabel]"/>
						<param name="thumblabel" value="$PARAM[thumblabel]"/>
						<param name="use_custom_content" value="false"/>
						<param name="list_name">$LOCALIZE[31199]</param>
						<param name="layout" value="PVRLandscapeLayout"/>
					</include>
					<include condition="String.IsEqual(Skin.String(EPGar),4to3)" content="4to3Widget">
						<param name="id" value="57"/>
						<param name="onup" value="100"/>
						<param name="ondown" value="200"/>
						<param name="headline" value="$VAR[ContainerContent]"/>
						<param name="mainlabel" value="$PARAM[mainlabel]"/>
						<param name="sublabel" value="$PARAM[sublabel]"/>
						<param name="thumblabel" value="$PARAM[thumblabel]"/>
						<param name="use_custom_content" value="false"/>
						<param name="list_name">$LOCALIZE[31199]</param>
						<param name="layout" value="PVR4to3Layout"/>
					</include>
					<include condition="String.IsEqual(Skin.String(EPGar),2to3)" content="PosterWidget">
						<param name="id" value="57"/>
						<param name="onup" value="100"/>
						<param name="ondown" value="200"/>
						<param name="headline" value="$VAR[ContainerContent]"/>
						<param name="mainlabel" value="$PARAM[mainlabel]"/>
						<param name="sublabel" value=""/>
						<param name="thumblabel" value="$PARAM[thumblabel]"/>
						<param name="use_custom_content" value="false"/>
						<param name="list_name">$LOCALIZE[31199]</param>
						<param name="layout" value="PVRPosterLayout"/>
					</include>
				</control>
			</control>
		</control>
	</include>
</includes>