<?xml version="1.0" encoding="UTF-8"?>
<window>
	<allowoverlay>true</allowoverlay>
	<visible>Window.IsActive(Visualisation) + Player.HasAudio + !Window.IsVisible(musicplaylist)</visible>
	<onunload condition="Window.IsVisible(musicplaylist)">SetFocus(50)</onunload>
	<include>PropertyIncludes</include>
	<controls>
		<!-- Hidden -->
		<control type="spincontrol" id="111">
			<visible>false</visible>
		</control>
		<control type="list" id="120">
			<visible>false</visible>
		</control>
		<control type="spincontrol" id="121">
			<visible>false</visible>
		</control>
		<control type="label" id="200">
			<description>Scraper Label</description>
			<label>-</label>
			<visible>false</visible>
		</control>
		<!-- Layout -->
		<control type="group">
			<include condition="Skin.HasSetting(FancyLyrics)">FancyLyrics</include>
			<include condition="!Skin.HasSetting(FancyLyrics)">SimpleLyrics</include>
		</control>
	</controls>
</window>