<?xml version="1.0" encoding="UTF-8"?>
<window>
	<controls>
		<include content="DiffuseMask">
			<param name="color">background_diffuse</param>
		</include>
		<control type="group">
			<animation type="WindowOpen" reversible="false">
				<effect type="fade" delay="0" end="100" time="200" />
			</animation>
			<animation type="WindowClose" reversible="false">
				<effect type="fade" start="100" end="0" time="200" />
			</animation>
			<control type="list" id="1">
				<description>REQUIRED: The list of images</description>
				<width>1920</width>
				<height>1080</height>
				<orientation>horizontal</orientation>
				<scrolltime>0</scrolltime>
				<pagecontrol>2</pagecontrol>
				<itemlayout/>
				<focusedlayout width="1920" height="1080"/>
			</control>
			<control type="image">
				<width>1920</width>
				<height>1080</height>
				<aspectratio>keep</aspectratio>
				<texture>$INFO[Container(1).ListItem.Icon]</texture>
				<fadetime>500</fadetime>
			</control>
			<control type="scrollbar" id="2">
				<description>REQUIRED: It's the default control, which is going to be focused on window init.</description>
				<bottom>0</bottom>
				<height>5</height>
				<width>1920</width>
				<orientation>horizontal</orientation>
				<showonepage>false</showonepage>
				<texturesliderbackground colordiffuse="50000000">common/white.jpg</texturesliderbackground>
				<texturesliderbar colordiffuse="$VAR[AccentColor]">common/white.jpg</texturesliderbar>
				<texturesliderbarfocus colordiffuse="$VAR[AccentColor]">common/white.jpg</texturesliderbarfocus>
				<animation effect="fade" time="300" start="100" end="0" condition="System.IdleTime(2)">Conditional</animation>
			</control>
		</control>
	</controls>
</window>