<?xml version="1.0" encoding="UTF-8"?>
<window id="1118" type="dialog">
	<visible>Container.Content(seasons) + String.IsEmpty(Container.Pluginname)</visible>
	<onload condition="Integer.IsGreater(ListItemAbsolute(0).Season,0) + !String.IsEmpty(Container.ListItemAbsolute(0).DBID)">RunScript(script.embuary.helper,action=details_by_season,dbid=$INFO[Container.ListItemAbsolute(0).DBID])</onload>
	<onload condition="Integer.IsGreater(ListItemAbsolute(1).Season,0) + !String.IsEmpty(Container.ListItemAbsolute(1).DBID)">RunScript(script.embuary.helper,action=details_by_season,dbid=$INFO[Container.ListItemAbsolute(1).DBID])</onload>
	<onload condition="Integer.IsGreater(ListItemAbsolute(2).Season,0) + !String.IsEmpty(Container.ListItemAbsolute(2).DBID)">RunScript(script.embuary.helper,action=details_by_season,dbid=$INFO[Container.ListItemAbsolute(2).DBID])</onload>
	<onload condition="Integer.IsGreater(ListItemAbsolute(3).Season,0) + !String.IsEmpty(Container.ListItemAbsolute(3).DBID)">RunScript(script.embuary.helper,action=details_by_season,dbid=$INFO[Container.ListItemAbsolute(3).DBID])</onload>
	<onunload>ClearProperty(tvshow.dbid,home)</onunload>
	<onunload>ClearProperty(tvshow.rating,home)</onunload>
	<onunload>ClearProperty(tvshow.seasons,home)</onunload>
	<onunload>ClearProperty(tvshow.episodes,home)</onunload>
	<onunload>ClearProperty(tvshow.watchedepisodes,home)</onunload>
	<onunload>ClearProperty(tvshow.unwatchedepisodes,home)</onunload>
	<controls/>
</window>
