<?xml version="1.0" encoding="UTF-8"?>
<window>
	<defaultcontrol>1999</defaultcontrol>
	<include>PropertyIncludes</include>
	<controls>
		<include content="DiffuseMask"/>
		<control type="group">
			<include>Dialog_PopupOpenClose</include>
			<centerleft>50%</centerleft>
			<width>500</width>
			<centertop>50%</centertop>
			<height>982</height>
			<control type="grouplist" id="996">
				<orientation>vertical</orientation>
				<height>auto</height>
				<align>center</align>
				<itemgap>0</itemgap>
				<onright>close</onright>
				<onleft>close</onleft>
				<usecontrolcoords>true</usecontrolcoords>
				<control type="image" id="1">
					<width>100%</width>
					<height>61</height>
					<texture border="65,0,65,0" colordiffuse="context_color">dialogs/context/top.png</texture>
				</control>
				<control type="button" id="1999">
					<include content="ContextButton"/>
					<label>$LOCALIZE[31326]</label>
					<onclick>RunScript(script.embuary.helper,action=playcinema)</onclick>
					<visible>!String.IsEmpty(Window(home).Property(ListItemDBID)) + $EXP[CinemaMode]</visible>
					<visible>!String.IsEqual(Control.GetLabel(1002),$LOCALIZE[12021]) + String.IsEqual(Control.GetLabel(1001),$LOCALIZE[208])</visible>
				</control>
				<control type="button" id="1000">
					<include content="ContextButton"/>
				</control>
				<control type="image" id="2">
					<width>100%</width>
					<height>61</height>
					<texture border="65,0,65,0" colordiffuse="context_color">dialogs/context/bottom.png</texture>
				</control>
			</control>
		</control>
	</controls>
</window>
