<?xml version="1.0" encoding="UTF-8"?>
<window>
	<visible>Player.Seeking | Player.DisplayAfterSeek | [Player.Paused + !Player.Caching] | Player.Forwarding | Player.Rewinding | Player.ShowInfo | Window.IsActive(fullscreeninfo) | Window.IsActive(videoosd) | Window.IsActive(musicosd) | Window.IsActive(playerprocessinfo) | !String.IsEmpty(Player.SeekNumeric)</visible>
	<visible>!Window.IsActive(sliderdialog) + String.IsEmpty(Window(home).Property(service.upnext.dialog))</visible>
	<visible>Window.IsActive(visualisation) | Window.IsActive(fullscreenvideo)</visible>
	<zorder>0</zorder>
	<include>PropertyIncludes</include>
	<controls>
		<control type="group">
			<visible>!$EXP[EmbyLoading]</visible>
			<!-- Seekbar nib -->
			<control type="slider" id="401">
				<visible>Player.Forwarding | Player.Rewinding | Player.Seeking | !String.IsEmpty(Player.SeekOffset)</visible>
				<bottom>98</bottom>
				<left>309</left>
				<right>31</right>
				<height>8</height>
				<orientation>horizontal</orientation>
				<texturesliderbar colordiffuse="00ffffff">common/white.jpg</texturesliderbar>
				<textureslidernib colordiffuse="$VAR[PlayerAccentColor]">views/player/nib_bubble.png</textureslidernib>
				<textureslidernibfocus colordiffuse="$VAR[PlayerAccentColor]">views/player/nib_bubble.png</textureslidernibfocus>
				<info>Player.SeekTime</info>
			</control>
			<control type="group">
				<visible>Player.Forwarding | Player.Rewinding | Player.Seeking | !String.IsEmpty(Player.SeekOffset) | !String.IsEmpty(Player.SeekNumeric)</visible>
				<include>OSD_Seek_Position</include>
				<left>309</left>
				<bottom>125</bottom>
				<width>158</width>
				<height>70</height>
				<control type="image">
					<width>158</width>
					<height>70</height>
					<texture colordiffuse="ff222222">common/white.jpg</texture>
					<bordertexture colordiffuse="grey" border="1">common/white.jpg</bordertexture>
					<bordersize>1</bordersize>
				</control>
				<control type="label">
					<width>158</width>
					<height>70</height>
					<align>center</align>
					<aligny>center</aligny>
					<font>med26</font>
					<textcolor>white</textcolor>
					<label>$INFO[Player.SeekTime]</label>
					<visible>String.IsEmpty(Player.SeekNumeric)</visible>
				</control>
				<control type="label">
					<width>158</width>
					<height>70</height>
					<align>center</align>
					<aligny>center</aligny>
					<font>med26</font>
					<textcolor>white</textcolor>
					<label>$INFO[Player.SeekNumeric]</label>
					<visible>!String.IsEmpty(Player.SeekNumeric)</visible>
				</control>
			</control>
		</control>
	</controls>
</window>
