<?xml version="1.0" encoding="utf-8"?>
<window>
	<defaultcontrol always="true">100</defaultcontrol>
	<include>PropertyIncludes</include>
	<controls>
		<include>Background</include>
		<control type="group">
			<include>Window_OpenClose</include>
			<centertop>50%</centertop>
			<!-- left col -->
			<control type="grouplist" id="300">
				<left>135</left>
				<centertop>50%</centertop>
				<width>1650</width>
				<height max="940">auto</height>
				<orientation>vertical</orientation>
				<itemgap>20</itemgap>
				<align>center</align>
				<!-- heading -->
				<control type="group">
					<height>50</height>
					<control type="label">
						<width>100%</width>
						<height>48</height>
						<font>Reg24</font>
						<aligny>center</aligny>
						<textoffsetx>5</textoffsetx>
						<textcolor>text_headline</textcolor>
						<label>$LOCALIZE[19048]</label>
					</control>
					<include>GreenBar</include>
				</control>
				<control type="group" id="100">
					<height>620</height>
					<!-- groups -->
					<control type="group">
						<width>540</width>
						<height>620</height>
						<control type="image">
							<height>620</height>
							<texture colordiffuse="panel_background">common/white.jpg</texture>
							<aspectratio>stretch</aspectratio>
						</control>
						<control type="label">
							<top>10</top>
							<height>50</height>
							<font>med22</font>
							<textoffsetx>15</textoffsetx>
							<textcolor>panel_textcolor2</textcolor>
							<aligny>center</aligny>
							<label>$LOCALIZE[19146]$INFO[Container(13).NumItems,: ]</label>
						</control>
						<control type="list" id="13">
							<centerleft>50%</centerleft>
							<top>60</top>
							<height>550</height>
							<onup>6666</onup>
							<onleft>900</onleft>
							<onright>11</onright>
							<ondown>200</ondown>
							<pagecontrol>60</pagecontrol>
							<scrolltime>200</scrolltime>
							<itemlayout height="50" width="540">
								<control type="image">
									<left>5</left>
									<height>50</height>
									<width>50</width>
									<bordersize>5</bordersize>
									<aspectratio>keep</aspectratio>
									<texture>defaultfolder.png</texture>
								</control>
								<control type="label">
									<right>20</right>
									<left>60</left>
									<height>50</height>
									<aligny>center</aligny>
									<font>Reg24</font>
									<textcolor>panel_textcolor</textcolor>
									<label>$INFO[ListItem.ChannelNumberLabel,,. ]$INFO[ListItem.Label]</label>
								</control>
							</itemlayout>
							<focusedlayout height="50" width="540">
								<control type="image">
									<width>100%</width>
									<height>50</height>
									<texture colordiffuse="panel_focus">common/white.jpg</texture>
									<visible>Control.HasFocus(13)</visible>
								</control>
								<control type="image">
									<left>5</left>
									<height>50</height>
									<width>50</width>
									<bordersize>5</bordersize>
									<aspectratio>keep</aspectratio>
									<texture>defaultfolder.png</texture>
								</control>
								<control type="label">
									<right>20</right>
									<left>60</left>
									<height>50</height>
									<aligny>center</aligny>
									<font>Reg24</font>
									<textcolor>panel_textcolor</textcolor>
									<label>$INFO[ListItem.ChannelNumberLabel,,. ]$INFO[ListItem.Label]</label>
								</control>
							</focusedlayout>
						</control>
						<control type="scrollbar" id="60">
							<right>0</right>
							<top>0</top>
							<bottom>0</bottom>
							<width>4</width>
							<orientation>vertical</orientation>
							<showonepage>false</showonepage>
							<texturesliderbackground colordiffuse="00ffffff">common/white.jpg</texturesliderbackground>
							<texturesliderbar colordiffuse="scrollbar_slider">common/white.jpg</texturesliderbar>
						</control>
					</control>
					<!-- unmapped -->
					<control type="group">
						<centerleft>50%</centerleft>
						<width>540</width>
						<height>620</height>
						<control type="image">
							<height>620</height>
							<texture colordiffuse="panel_background">common/white.jpg</texture>
							<aspectratio>stretch</aspectratio>
						</control>
						<control type="label">
							<top>10</top>
							<height>50</height>
							<font>med22</font>
							<textoffsetx>15</textoffsetx>
							<textcolor>panel_textcolor2</textcolor>
							<aligny>center</aligny>
							<label>$LOCALIZE[31163]$INFO[Container(11).NumItems,: ]</label>
						</control>
						<control type="list" id="11">
							<centerleft>50%</centerleft>
							<top>60</top>
							<height>550</height>
							<onup>6666</onup>
							<onleft>13</onleft>
							<onright>12</onright>
							<ondown>200</ondown>
							<pagecontrol>61</pagecontrol>
							<scrolltime>200</scrolltime>
							<itemlayout height="50" width="540">
								<control type="image">
									<height>50</height>
									<width>50</width>
									<left>15</left>
									<bordersize>5</bordersize>
									<aspectratio>keep</aspectratio>
									<texture background="true">$INFO[ListItem.Icon]</texture>
								</control>
								<control type="label">
									<right>20</right>
									<left>80</left>
									<height>50</height>
									<aligny>center</aligny>
									<font>Reg24</font>
									<textcolor>panel_textcolor</textcolor>
									<label>$INFO[ListItem.ChannelNumberLabel,,. ]$INFO[ListItem.Label]</label>
								</control>
							</itemlayout>
							<focusedlayout height="50" width="540">
								<control type="image">
									<width>100%</width>
									<height>50</height>
									<texture colordiffuse="panel_focus">common/white.jpg</texture>
									<visible>Control.HasFocus(11)</visible>
								</control>
								<control type="image">
									<height>50</height>
									<width>50</width>
									<left>15</left>
									<bordersize>5</bordersize>
									<aspectratio>keep</aspectratio>
									<texture background="true">$INFO[ListItem.Icon]</texture>
								</control>
								<control type="label">
									<right>20</right>
									<left>80</left>
									<height>50</height>
									<aligny>center</aligny>
									<font>Reg24</font>
									<textcolor>panel_textcolor</textcolor>
									<label>$INFO[ListItem.ChannelNumberLabel,,. ]$INFO[ListItem.Label]</label>
								</control>
							</focusedlayout>
						</control>
						<control type="scrollbar" id="61">
							<right>0</right>
							<top>0</top>
							<bottom>0</bottom>
							<width>4</width>
							<orientation>vertical</orientation>
							<showonepage>false</showonepage>
							<texturesliderbackground colordiffuse="00ffffff">common/white.jpg</texturesliderbackground>
							<texturesliderbar colordiffuse="scrollbar_slider">common/white.jpg</texturesliderbar>
						</control>
					</control>
					<!-- mapped -->
					<control type="group">
						<right>0</right>
						<height>620</height>
						<width>540</width>
						<control type="image">
							<height>620</height>
							<texture colordiffuse="panel_background">common/white.jpg</texture>
							<aspectratio>stretch</aspectratio>
						</control>
						<control type="label">
							<top>10</top>
							<height>50</height>
							<font>med22</font>
							<textoffsetx>15</textoffsetx>
							<textcolor>panel_textcolor2</textcolor>
							<aligny>center</aligny>
							<label>$LOCALIZE[31164]$INFO[Container(12).NumItems,: ]</label>
						</control>
						<control type="list" id="12">
							<centerleft>50%</centerleft>
							<top>60</top>
							<height>550</height>
							<onup>6666</onup>
							<onleft>11</onleft>
							<onright>200</onright>
							<ondown>200</ondown>
							<pagecontrol>62</pagecontrol>
							<scrolltime>200</scrolltime>
							<itemlayout height="50" width="540">
								<control type="image">
									<height>50</height>
									<width>50</width>
									<left>15</left>
									<bordersize>5</bordersize>
									<aspectratio>keep</aspectratio>
									<texture background="true">$INFO[ListItem.Icon]</texture>
								</control>
								<control type="label">
									<right>20</right>
									<left>80</left>
									<height>50</height>
									<aligny>center</aligny>
									<font>Reg24</font>
									<textcolor>panel_textcolor</textcolor>
									<label>$INFO[ListItem.ChannelNumberLabel,,. ]$INFO[ListItem.Label]</label>
								</control>
							</itemlayout>
							<focusedlayout height="50" width="540">
								<control type="image">
									<width>100%</width>
									<height>50</height>
									<texture colordiffuse="panel_focus">common/white.jpg</texture>
									<visible>Control.HasFocus(12)</visible>
								</control>
								<control type="image">
									<height>50</height>
									<width>50</width>
									<left>15</left>
									<bordersize>5</bordersize>
									<aspectratio>keep</aspectratio>
									<texture background="true">$INFO[ListItem.Icon]</texture>
								</control>
								<control type="label">
									<right>20</right>
									<left>80</left>
									<height>50</height>
									<aligny>center</aligny>
									<font>Reg24</font>
									<textcolor>panel_textcolor</textcolor>
									<label>$INFO[ListItem.ChannelNumberLabel,,. ]$INFO[ListItem.Label]</label>
								</control>
							</focusedlayout>
						</control>
						<control type="scrollbar" id="62">
							<right>0</right>
							<top>0</top>
							<bottom>0</bottom>
							<width>4</width>
							<orientation>vertical</orientation>
							<showonepage>false</showonepage>
							<texturesliderbackground colordiffuse="00ffffff">common/white.jpg</texturesliderbackground>
							<texturesliderbar colordiffuse="scrollbar_slider">common/white.jpg</texturesliderbar>
						</control>
					</control>
				</control>
				<!-- Button -->
				<control type="grouplist" id="200">
					<bottom>0</bottom>
					<height>100</height>
					<width>100%</width>
					<orientation>horizontal</orientation>
					<itemgap>5</itemgap>
					<align>center</align>
					<onright>120</onright>
					<onleft>900</onleft>
					<control type="radiobutton" id="25">
						<align>left</align>
						<include>DarkGreyButton</include>
						<width>300</width>
						<label>$LOCALIZE[19289]</label>
						<onup>SetFocus(100)</onup>
					</control>
					<control type="button" id="26">
						<include>DarkGreyButton</include>
						<label>$LOCALIZE[31166]</label>
						<onup>SetFocus(100)</onup>
					</control>
					<control type="button" id="27">
						<include>DarkGreyButton</include>
						<label>$LOCALIZE[31167]</label>
						<onup>SetFocus(100)</onup>
					</control>
					<control type="button" id="28">
						<include>DarkGreyButton</include>
						<label>$LOCALIZE[31165]</label>
						<onup>SetFocus(100)</onup>
					</control>
					<control type="button" id="29">
						<include>DarkGreyButton</include>
						<label>$LOCALIZE[15067]</label>
						<onup>SetFocus(100)</onup>
					</control>
				</control>
			</control>
		</control>
		<!-- header bar -->
		<include content="HeaderBar">
			<param name="id">300</param>
			<param name="auto_hide">false</param>
		</include>
		<!-- side panel -->
		<include content="SidePanel">
			<param name="onright">300</param>
		</include>
	</controls>
</window>
