<?xml version="1.0" encoding="UTF-8"?>
<includes>
	<!-- movie -->
	<include name="MovieInfoLayout">
		<!-- Background -->
		<include>MultiFanart</include>
		<include>Background</include>
		<!-- Dialog -->
		<control type="grouplist" id="500">
			<include>Window_OpenClose</include>
			<width>100%</width>
			<height>100%</height>
			<orientation>vertical</orientation>
			<usecontrolcoords>true</usecontrolcoords>
			<include>ScrollTime</include>
			<itemgap>-80</itemgap>
			<pagecontrol>17</pagecontrol>
			<!-- Meta -->
			<control type="group">
				<top>90</top>
				<width>100%</width>
				<height>480</height>
				<!-- poster -->
				<include>MetaPoster</include>
				<!-- meta -->
				<control type="grouplist">
					<left>370</left>
					<orientation>vertical</orientation>
					<align>top</align>
					<itemgap>0</itemgap>
					<width>1480</width>
					<control type="label">
						<width>1040</width>
						<height>55</height>
						<label>$INFO[ListItem.Title]</label>
						<aligny>top</aligny>
						<font>Reg37</font>
					</control>
					<!-- small meta -->
					<include>MetaMovieInfos</include>
					<!-- buttons -->
					<control type="grouplist" id="100">
						<height>70</height>
						<orientation>horizontal</orientation>
						<itemgap>5</itemgap>
						<onright>noop</onright>
						<onleft>900</onleft>
						<control type="button" id="101">
							<include>LightGreyButton</include>
							<label>$LOCALIZE[15067]</label>
							<ondown>200</ondown>
							<onclick>close</onclick>
							<visible>!Control.IsVisible(8) + !Control.IsVisible(104)</visible>
						</control>
						<control type="button" id="8">
							<include>LightGreyButton</include>
							<label>$VAR[VideoInfoButton8]</label>
							<ondown>200</ondown>
							<visible>!Control.IsVisible(104)</visible>
						</control>
						<control type="button" id="104">
							<include>LightGreyButton</include>
							<onclick>close</onclick>
							<onclick>RunScript(script.embuary.helper,action=playcinema,dbid=$INFO[ListItem.DBID],type=$INFO[ListItem.DBType],title='$ESCINFO[ListItem.Title]')</onclick>
							<label>$VAR[VideoInfoButton8]</label>
							<ondown>200</ondown>
							<visible>Skin.HasSetting(AlwaysCinemaMode) + $EXP[CinemaMode]</visible>
						</control>
						<control type="button" id="11">
							<visible>!String.IsEmpty(ListItem.Trailer)</visible>
							<include>LightGreyButton</include>
							<label>$LOCALIZE[20410]</label>
							<ondown>200</ondown>
						</control>
						<control type="button" id="102">
							<visible>!String.IsEmpty(ListItem.SetId) + !String.IsEmpty(ListItem.DBID)</visible>
							<include>LightGreyButton</include>
							<label>[CAPITALIZE]$LOCALIZE[31189][/CAPITALIZE]</label>
							<onclick>RunScript(script.embuary.helper,action=goto,path='"videodb://movies/sets/$INFO[ListItem.SetId]/?setid=$INFO[ListItem.SetId]"',target=videos)</onclick>
							<ondown>200</ondown>
						</control>
						<control type="button" id="97">
							<visible>!String.IsEmpty(ListItem.Plot)</visible>
							<include>LightGreyButtonRound</include>
							<font>material24</font>
							<label></label>
							<onclick>RunScript(script.embuary.helper,action=textviewer,header='$ESCINFO[ListItem.Title]',message='$ESCINFO[ListItem.Plot]')</onclick>
							<ondown>200</ondown>
						</control>
						<control type="button" id="103">
							<include>LightGreyButtonRound</include>
							<font>material24</font>
							<label></label>
							<ondown>200</ondown>
							<onclick condition="!$EXP[HasEmbyContext] + $EXP[HasLibraryEditButton]">SetFocus(4000)</onclick>
							<onclick condition="$EXP[HasEmbyContext]">RunScript(special://home/addons/plugin.video.emby/context.py)</onclick>
							<onclick condition="$EXP[HasEmbyConContext]">RunPlugin(plugin://plugin.video.embycon?mode=SHOW_MENU&amp;item_id=$INFO[ListItem.Property(id)])</onclick>
							<visible>$EXP[HasEmbyContext] | $EXP[HasLibraryEditButton] | $EXP[HasEmbyConContext]</visible>
						</control>
					</control>
					<!-- genre -->
					<include>MetaGenre</include>
					<!-- plot -->
					<control type="textbox">
						<width>100%</width>
						<height max="130">auto</height>
						<align>justify</align>
						<aligny>top</aligny>
						<label>$INFO[ListItem.Tagline,[B],[/B][CR]]$INFO[ListItem.Plot]</label>
						<font>Light24</font>
						<autoscroll>false</autoscroll>
					</control>
					<control type="label">
						<height>20</height>
					</control>
					<!-- media flags -->
					<include>MetaFlags</include>
				</control>
				<!-- logo -->
				<include>MetaClearlogo</include>
			</control>
			<!-- Cast -->
			<include content="CastWidget">
				<param name="visible" value="Integer.IsGreater(Container(2000).NumItems,0)"/>
				<param name="id" value="200"/>
				<param name="onup" value="100"/>
				<param name="ondown" value="201"/>
				<param name="content" value="$VAR[View_Cast_Content]"/>
			</include>
			<!-- Set -->
			<include content="PosterWidget">
				<param name="visible" value="!String.IsEmpty(ListItem.SetId)"/>
				<param name="id" value="201"/>
				<param name="onup" value="200"/>
				<param name="ondown" value="202"/>
				<param name="headline" value="$INFO[ListItem.Set]"/>
				<param name="sortby" value="year"/>
				<param name="use_custom_onclick" value="true"/>
				<param name="onclick" value="RunScript(script.embuary.helper,action=playitem,item='$ESCINFO[ListItem.Filenameandpath]')"/>
				<param name="content" value="videodb://movies/sets/$INFO[ListItem.SetId]/?setid=$INFO[ListItem.SetId]"/>
			</include>
			<!-- Main actor movies -->
			<include content="PosterWidget">
				<param name="visible" value="!String.IsEmpty(ListItem.DBID)"/>
				<param name="id" value="202"/>
				<param name="onup" value="201"/>
				<param name="ondown" value="203"/>
				<param name="headline" value="$LOCALIZE[31334] $INFO[Container(202).ListItem.Property(searchstring)]"/>
				<param name="sortby" value="random"/>
				<param name="use_custom_onclick" value="true"/>
				<param name="onclick" value="RunScript(script.embuary.helper,action=playitem,item='$ESCINFO[ListItem.Filenameandpath]')"/>
				<param name="content" value="plugin://script.embuary.helper/?info=getitemsbyactor&amp;dbid=$INFO[ListItem.DBID]&amp;type=movie"/>
			</include>
			<!-- Director movies -->
			<include content="PosterWidget">
				<param name="id" value="203"/>
				<param name="onup" value="202"/>
				<param name="ondown" value="204"/>
				<param name="headline" value="$LOCALIZE[31287] $INFO[Container(203).ListItem.Property(searchstring)]"/>
				<param name="sortby" value="random"/>
				<param name="use_custom_onclick" value="true"/>
				<param name="onclick" value="RunScript(script.embuary.helper,action=playitem,item='$ESCINFO[ListItem.Filenameandpath]')"/>
				<param name="content" value="plugin://script.embuary.helper/?info=getdirectedby&amp;dbid=$INFO[ListItem.DBID]"/>
			</include>
			<!-- More like this -->
			<include content="PosterWidget">
				<param name="id" value="204"/>
				<param name="onup" value="203"/>
				<param name="ondown" value="205"/>
				<param name="headline" value="$LOCALIZE[31002]"/>
				<param name="limit" value="15"/>
				<param name="sortby" value="random"/>
				<param name="use_custom_onclick" value="true"/>
				<param name="onclick" value="RunScript(script.embuary.helper,action=playitem,item='$ESCINFO[ListItem.Filenameandpath]')"/>
				<param name="content" value="$VAR[InfoDialog_MoreLikeThis_Content]"/>
			</include>
			<!-- Media Info -->
			<include content="InfoDialogMediaInfo">
				<param name="id" value="205"/>
				<param name="onup" value="204"/>
				<param name="ondown" value="noop"/>
			</include>
		</control>
		<!-- header bar -->
		<include content="HeaderBar">
			<param name="id">500</param>
		</include>
		<!-- side panel -->
		<include content="SidePanel">
			<param name="onright">500</param>
		</include>
	</include>
	<!-- tvshow -->
	<include name="TVShowInfoLayout">
		<!-- Background -->
		<include>MultiFanart</include>
		<include>Background</include>
		<!-- Dialog -->
		<control type="grouplist" id="500">
			<include>Window_OpenClose</include>
			<width>100%</width>
			<height>100%</height>
			<orientation>vertical</orientation>
			<usecontrolcoords>true</usecontrolcoords>
			<include>ScrollTime</include>
			<itemgap>-80</itemgap>
			<pagecontrol>17</pagecontrol>
			<!-- Meta -->
			<control type="group">
				<top>90</top>
				<width>100%</width>
				<height>480</height>
				<!-- poster -->
				<include>MetaPoster</include>
				<!-- meta -->
				<control type="grouplist">
					<left>370</left>
					<orientation>vertical</orientation>
					<align>top</align>
					<itemgap>0</itemgap>
					<width>1480</width>
					<control type="label">
						<width>1040</width>
						<height>55</height>
						<label>$INFO[ListItem.Title]</label>
						<aligny>top</aligny>
						<font>Reg37</font>
					</control>
					<!-- meta -->
					<include>MetaShowInfos</include>
					<!-- buttons -->
					<control type="grouplist" id="100">
						<height>70</height>
						<orientation>horizontal</orientation>
						<itemgap>5</itemgap>
						<onright>noop</onright>
						<onleft>900</onleft>
						<control type="button" id="101">
							<visible>!Control.IsVisible(102) + !Control.IsVisible(8)</visible>
							<include>LightGreyButton</include>
							<label>$LOCALIZE[15067]</label>
							<ondown>200</ondown>
							<onclick>close</onclick>
						</control>
						<control type="button" id="102">
							<visible>
								[String.StartsWith(ListItem.Path,plugin://) + !String.StartsWith(ListItem.Path,plugin://plugin.video.emby.) + !String.IsEmpty(ListItem.Filenameandpath)]
								| [[!String.StartsWith(ListItem.Path,plugin://) | String.StartsWith(ListItem.Path,plugin://plugin.video.emby.)] + !String.IsEmpty(ListItem.DBID)]
							</visible>
							<include>LightGreyButton</include>
							<label>$LOCALIZE[31011]</label>
							<onclick condition="!String.StartsWith(ListItem.Path,plugin://) | String.StartsWith(ListItem.Path,plugin://plugin.video.emby.)">RunScript(script.embuary.helper,action=goto,path='"videodb://tvshows/titles/$INFO[ListItem.DBID]/"',target=videos)</onclick>
							<onclick condition="String.StartsWith(ListItem.Path,plugin://) + !String.StartsWith(ListItem.Path,plugin://plugin.video.emby.)">RunScript(script.embuary.helper,action=goto,path='$ESCINFO[ListItem.Filenameandpath]',target=videos)</onclick>
							<ondown>200</ondown>
						</control>
						<control type="button" id="8">
							<visible>!Control.IsVisible(102)</visible>
							<include>LightGreyButton</include>
							<label>$VAR[VideoInfoButton8]</label>
							<ondown>200</ondown>
						</control>
						<control type="button" id="11">
							<visible>!String.IsEmpty(ListItem.Trailer)</visible>
							<include>LightGreyButton</include>
							<label>$LOCALIZE[20410]</label>
							<ondown>200</ondown>
						</control>
						<control type="button" id="97">
							<visible>!String.IsEmpty(ListItem.Plot)</visible>
							<include>LightGreyButtonRound</include>
							<font>material24</font>
							<label></label>
							<onclick>RunScript(script.embuary.helper,action=textviewer,header='$ESCINFO[ListItem.TVShowTitle]',message='$ESCVAR[TinyInfoDialogPlot]')</onclick>
							<ondown>200</ondown>
						</control>
						<control type="button" id="103">
							<include>LightGreyButtonRound</include>
							<font>material24</font>
							<label></label>
							<ondown>200</ondown>
							<onclick condition="!$EXP[HasEmbyContext] + $EXP[HasLibraryEditButton]">SetFocus(4000)</onclick>
							<onclick condition="$EXP[HasEmbyContext]">RunScript(special://home/addons/plugin.video.emby/context.py)</onclick>
							<onclick condition="$EXP[HasEmbyConContext]">RunPlugin(plugin://plugin.video.embycon?mode=SHOW_MENU&amp;item_id=$INFO[ListItem.Property(id)])</onclick>
							<visible>$EXP[HasEmbyContext] | $EXP[HasLibraryEditButton] | $EXP[HasEmbyConContext]</visible>
						</control>
					</control>
					<!-- genre -->
					<include>MetaGenre</include>
					<!-- plot -->
					<control type="textbox">
						<width>100%</width>
						<height max="130">auto</height>
						<align>justify</align>
						<aligny>top</aligny>
						<label>$INFO[ListItem.Plot]</label>
						<font>Light24</font>
						<autoscroll>false</autoscroll>
					</control>
					<control type="label">
						<height>20</height>
					</control>
					<!-- flags -->
					<include>MetaFlags</include>
				</control>
				<!-- logo -->
				<include>MetaClearlogo</include>
			</control>
			<!-- Next Up -->
			<include content="WideWidget">
				<param name="id" value="200"/>
				<param name="onup" value="100"/>
				<param name="ondown" value="201"/>
				<param name="headline" value="$LOCALIZE[31012]"/>
				<param name="sublabel" value="$VAR[DurationMinutes]"/>
				<param name="sortby" value="playcount"/>
				<param name="sortorder" value="ascending"/>
				<param name="limit" value="1"/>
				<param name="use_custom_onclick" value="true"/>
				<param name="onclick" value="RunScript(script.embuary.helper,action=playitem,item='$ESCINFO[ListItem.Filenameandpath]')"/>
				<param name="content" value="$VAR[InfoDialog_NextUp_Content]"/>
			</include>
			<!-- Seasons -->
			<include content="PosterWidget">
				<param name="visible" value="Integer.IsGreater(ListItem.Season,1)"/>
				<param name="id" value="201"/>
				<param name="onup" value="200"/>
				<param name="ondown" value="202"/>
				<param name="headline" value="$LOCALIZE[33054]"/>
				<param name="sublabel" value=""/>
				<param name="height" value="551"/>
				<param name="sortby" value="season"/>
				<param name="use_custom_onclick" value="String.StartsWith(ListItem.Path,plugin://plugin.video.embycon)"/>
				<param name="onclick" value="RunScript(script.embuary.helper,action=goto,path='$ESCINFO[ListItem.Filenameandpath]',target=videos)"/>
				<param name="content" value="$VAR[InfoDialog_Season_Content]"/>
			</include>
			<!-- Cast -->
			<include content="CastWidget">
				<param name="visible" value="Integer.IsGreater(Container(2000).NumItems,0)"/>
				<param name="id" value="202"/>
				<param name="onup" value="201"/>
				<param name="ondown" value="203"/>
				<param name="content" value="$VAR[View_Cast_Content]"/>
			</include>
			<!-- More like this -->
			<include content="PosterWidget">
				<param name="id" value="203"/>
				<param name="onup" value="202"/>
				<param name="ondown" value="noop"/>
				<param name="headline" value="$LOCALIZE[31002]"/>
				<param name="limit" value="15"/>
				<param name="sortby" value="random"/>
				<param name="use_custom_onclick" value="String.StartsWith(ListItem.Path,plugin://plugin.video.embycon)"/>
				<param name="onclick" value="RunScript(script.embuary.helper,action=goto,path='$ESCINFO[ListItem.Filenameandpath]',target=videos)"/>
				<param name="content" value="$VAR[InfoDialog_MoreLikeThis_Content]"/>
			</include>
		</control>
		<!-- header bar -->
		<include content="HeaderBar">
			<param name="id">500</param>
		</include>
		<!-- side panel -->
		<include content="SidePanel">
			<param name="onright">500</param>
		</include>
	</include>
	<!-- episode -->
	<include name="EpisodeInfoLayout">
		<!-- Background -->
		<include content="MultiFanart">
			<param name="art" value="tvshow.fanart"/>
		</include>
		<include>Background</include>
		<!-- Dialog -->
		<control type="grouplist" id="500">
			<include>Window_OpenClose</include>
			<width>100%</width>
			<height>100%</height>
			<orientation>vertical</orientation>
			<usecontrolcoords>true</usecontrolcoords>
			<include>ScrollTime</include>
			<itemgap>-80</itemgap>
			<pagecontrol>17</pagecontrol>
			<!-- Meta -->
			<control type="group">
				<top>90</top>
				<width>100%</width>
				<height>486</height>
				<!-- thumb -->
				<include>MetaThumbnail</include>
				<!-- meta -->
				<control type="grouplist">
					<left>524</left>
					<orientation>vertical</orientation>
					<height>500</height>
					<align>top</align>
					<itemgap>0</itemgap>
					<right>70</right>
					<control type="label">
						<width>886</width>
						<height>55</height>
						<label>$INFO[ListItem.TvShowTitle]</label>
						<font>Reg37</font>
						<aligny>top</aligny>
					</control>
					<control type="label">
						<width>886</width>
						<height>55</height>
						<label>$VAR[ListItemSeasonEpisode]$INFO[ListItem.Title]</label>
						<font>Reg37</font>
						<aligny>top</aligny>
					</control>
					<!-- meta -->
					<include content="MetaEpisodeInfos">
						<param name="width" value="886"/>
					</include>
					<!-- buttons -->
					<control type="grouplist" id="100">
						<height>70</height>
						<orientation>horizontal</orientation>
						<itemgap>5</itemgap>
						<onright>noop</onright>
						<onleft>900</onleft>
						<control type="button" id="101">
							<visible>!Control.IsVisible(8) + !Control.IsVisible(104)</visible>
							<include>LightGreyButton</include>
							<label>$LOCALIZE[15067]</label>
							<ondown>200</ondown>
							<onclick>close</onclick>
						</control>
						<control type="button" id="8">
							<include>LightGreyButton</include>
							<label>$VAR[VideoInfoButton8]</label>
							<ondown>200</ondown>
							<visible>!Control.IsVisible(104)</visible>
						</control>
						<control type="button" id="104">
							<include>LightGreyButton</include>
							<onclick>close</onclick>
							<onclick>RunScript(script.embuary.helper,action=playcinema,dbid=$INFO[ListItem.DBID],type=$INFO[ListItem.DBType],title='$ESCINFO[ListItem.Label]')</onclick>
							<label>$VAR[VideoInfoButton8]</label>
							<ondown>200</ondown>
							<visible>Skin.HasSetting(AlwaysCinemaMode) + $EXP[CinemaMode]</visible>
						</control>
						<control type="button" id="102">
							<include>LightGreyButton</include>
							<label>$LOCALIZE[31011]</label>
							<ondown>200</ondown>
							<onclick condition="!String.StartsWith(ListItem.Path,plugin://plugin.video.embycon) + String.IsEqual(Container.Foldername,ListItem.TVShowTitle)">close</onclick>
							<onclick condition="!String.StartsWith(ListItem.Path,plugin://plugin.video.embycon) + !String.IsEqual(Container.Foldername,ListItem.TVShowTitle)">RunScript(script.embuary.helper,action=jumptoshow_by_episode,dbid=$INFO[ListItem.DBID])</onclick>
							<onclick condition="String.StartsWith(ListItem.Path,plugin://plugin.video.embycon)">RunScript(script.embuary.helper,action=goto,path='"plugin://plugin.video.embycon/?media_type=Series&amp;mode=GET_CONTENT&amp;url=%7bserver%7d%2femby%2fShows%2f$INFO[ListItem.Property(series_id)]%2fSeasons%3fuserId%3d%7buserid%7d%26Fields%3d%7bfield_filters%7d%26format%3djson"',target=videos)</onclick>
							<visible>!String.IsEmpty(ListItem.DBID) | !String.IsEmpty(ListItem.Property(series_id))</visible>
						</control>
						<control type="button" id="11">
							<visible>!String.IsEmpty(ListItem.Trailer)</visible>
							<include>LightGreyButton</include>
							<label>$LOCALIZE[20410]</label>
							<ondown>200</ondown>
						</control>
						<control type="button" id="97">
							<visible>!String.IsEmpty(ListItem.Plot)</visible>
							<include>LightGreyButtonRound</include>
							<font>material24</font>
							<label></label>
							<onclick>RunScript(script.embuary.helper,action=textviewer,header='$ESCINFO[ListItem.TVShowTitle]',message='$ESCVAR[TinyInfoDialogPlot]')</onclick>
							<ondown>200</ondown>
						</control>
						<control type="button" id="103">
							<include>LightGreyButtonRound</include>
							<font>material24</font>
							<label></label>
							<ondown>200</ondown>
							<onclick condition="!$EXP[HasEmbyContext] + $EXP[HasLibraryEditButton]">SetFocus(4000)</onclick>
							<onclick condition="$EXP[HasEmbyContext]">RunScript(special://home/addons/plugin.video.emby/context.py)</onclick>
							<onclick condition="$EXP[HasEmbyConContext]">RunPlugin(plugin://plugin.video.embycon?mode=SHOW_MENU&amp;item_id=$INFO[ListItem.Property(id)])</onclick>
							<visible>$EXP[HasEmbyContext] | $EXP[HasLibraryEditButton] | $EXP[HasEmbyConContext]</visible>
						</control>
					</control>
					<control type="textbox">
						<width>100%</width>
						<height max="130">auto</height>
						<align>justify</align>
						<aligny>top</aligny>
						<label>$INFO[ListItem.Plot]</label>
						<font>Light24</font>
						<autoscroll>false</autoscroll>
					</control>
					<control type="label">
						<height>15</height>
					</control>
					<!-- flags -->
					<include>MetaFlags</include>
				</control>
				<!-- logo -->
				<include>MetaClearlogo</include>
			</control>
			<!-- More from seasons %i -->
			<include content="WideWidget">
				<param name="visible" value="String.IsEmpty(Container.Pluginname) + !String.IsEmpty(ListItem.DBID) + [!String.IsEmpty(ListItem.Season) | String.StartsWith(ListItem.Episode,S) | ListItem.Property(IsSpecial)]"/>
				<param name="id" value="200"/>
				<param name="onup" value="100"/>
				<param name="ondown" value="201"/>
				<param name="headline" value="$VAR[InfoDialog_Season_Content_Headline]"/>
				<param name="sublabel" value="$VAR[DurationMinutes]"/>
				<param name="use_custom_onclick" value="true"/>
				<param name="onclick" value="RunScript(script.embuary.helper,action=playitem,item='$ESCINFO[ListItem.Filenameandpath]')"/>
				<param name="sortby" value="episode"/>
				<param name="sortorder" value="ascending"/>
				<param name="content" value="plugin://script.embuary.helper/?info=getseasonepisodes&amp;title='$ESCINFO[ListItem.TvShowTitle]'&amp;season=$INFO[ListItem.Season]&amp;reload=$INFO[Window(home).Property(EmbuaryWidgetUpdate)]"/>
			</include>
			<!-- Seasons -->
			<include content="PosterWidget">
				<param name="visible" value="!String.StartsWith(ListItem.Path,plugin://plugin.video.embycon)"/>
				<param name="id" value="201"/>
				<param name="onup" value="200"/>
				<param name="ondown" value="202"/>
				<param name="headline" value="$LOCALIZE[31322]"/>
				<param name="sublabel" value=""/>
				<param name="height" value="551"/>
				<param name="sortby" value="season"/>
				<param name="content" value="$VAR[InfoDialog_Season_Content]"/>
			</include>
			<!-- Cast -->
			<include content="CastWidget">
				<param name="visible" value="Integer.IsGreater(Container(2000).NumItems,0)"/>
				<param name="id" value="202"/>
				<param name="onup" value="201"/>
				<param name="ondown" value="400"/>
				<param name="content" value="$VAR[View_Cast_Content]"/>
				<param name="use_custom_onclick" value="true"/>
			</include>
			<!-- Media Info -->
			<include content="InfoDialogMediaInfo">
				<param name="id" value="400"/>
				<param name="onup" value="202"/>
				<param name="ondown" value="noop"/>
			</include>
		</control>
		<!-- header bar -->
		<include content="HeaderBar">
			<param name="id">500</param>
		</include>
		<!-- side panel -->
		<include content="SidePanel">
			<param name="onright">500</param>
		</include>
	</include>
	<!-- tiny -->
	<include name="TinyInfoLayout">
		<control type="group">
			<control type="image">
				<include>Visible_Fade</include>
				<include>FullscreenDimensions</include>
				<texture colordiffuse="background_diffuse">common/white.jpg</texture>
			</control>
			<control type="scrollbar" id="3000">
				<include>HiddenObject</include>
			</control>
			<control type="grouplist">
				<include>Dialog_PopupOpenClose</include>
				<centerleft>50%</centerleft>
				<centertop>50%</centertop>
				<width>800</width>
				<height max="940">auto</height>
				<orientation>vertical</orientation>
				<itemgap>20</itemgap>
				<align>center</align>
				<!-- headline -->
				<control type="label">
					<centerleft>50%</centerleft>
					<width>100%</width>
					<height>26</height>
					<font>Med28</font>
					<autoscroll>false</autoscroll>
					<align>center</align>
					<aligny>top</aligny>
					<label>$VAR[TinyInfoDialogHeadline]</label>
				</control>
				<!-- message -->
				<control id="1010" type="textbox">
					<centerleft>50%</centerleft>
					<width>100%</width>
					<height max="745">auto</height>
					<font>PopUpText</font>
					<autoscroll>false</autoscroll>
					<align>center</align>
					<aligny>top</aligny>
					<pagecontrol>3000</pagecontrol>
					<label>$VAR[TinyInfoDialogPlot]</label>
				</control>
				<!-- Button -->
				<control type="grouplist" id="100">
					<height>50</height>
					<width>100%</width>
					<orientation>horizontal</orientation>
					<itemgap>5</itemgap>
					<align>center</align>
					<onright>noop</onright>
					<onleft>noop</onleft>
					<control type="button" id="101">
						<include>DarkGreyButton</include>
						<label>$LOCALIZE[15067]</label>
						<onclick>close</onclick>
						<onup>PageUp(3000)</onup>
						<ondown>PageDown(3000)</ondown>
					</control>
				</control>
			</control>
		</control>
	</include>
	<!-- MediaInfo -->
	<include name="InfoDialogMediaInfo">
		<control type="group">
			<height>350</height>
			<control type="button" id="$PARAM[id]">
				<include>NoTextures</include>
				<top>25</top>
				<left>45</left>
				<right>70</right>
				<width>1000</width>
				<height>87</height>
				<font>Med23</font>
				<align>left</align>
				<aligny>center</aligny>
				<focusedcolor>$VAR[AccentColor]</focusedcolor>
				<label>$LOCALIZE[544]</label>
				<onclick>noop</onclick>
				<onup>$PARAM[onup]</onup>
				<ondown>$PARAM[ondown]</ondown>
				<onback>$PARAM[onback]</onback>
				<onleft>900</onleft>
			</control>
			<control type="grouplist">
				<left>70</left>
				<right>70</right>
				<top>94</top>
				<itemgap>5</itemgap>
				<orientation>vertical</orientation>
				<usecontrolcoords>true</usecontrolcoords>
				<control type="label">
					<height>30</height>
					<wrapmultiline>false</wrapmultiline>
					<font>Reg20</font>
					<aligny>bottom</aligny>
					<label>[B]$LOCALIZE[21800]:[/B]    $INFO[ListItem.FileName]</label>
					<visible>!String.IsEmpty(ListItem.FileName)</visible>
				</control>
				<control type="label">
					<height>30</height>
					<wrapmultiline>false</wrapmultiline>
					<font>Reg20</font>
					<aligny>bottom</aligny>
					<label>[B]$LOCALIZE[573]:[/B]    $INFO[ListItem.Path]</label>
					<visible>!String.IsEmpty(ListItem.Path)</visible>
				</control>
				<control type="label">
					<height>30</height>
					<wrapmultiline>false</wrapmultiline>
					<font>Reg20</font>
					<aligny>bottom</aligny>
					<label>[B]$LOCALIZE[291]:[/B][UPPERCASE]    $VAR[ListItemResolution]$INFO[ListItem.VideoCodec, ,]$INFO[ListItem.VideoAspect, ,AR][/UPPERCASE]</label>
					<visible>!String.IsEmpty(ListItem.VideoResolution) + [String.IsEqual(ListItem.StereoscopicMode,mono) | String.IsEmpty(ListItem.StereoscopicMode)]</visible>
				</control>
				<control type="label">
					<height>30</height>
					<wrapmultiline>false</wrapmultiline>
					<font>Reg20</font>
					<aligny>bottom</aligny>
					<label>[B]$LOCALIZE[291]:[/B][UPPERCASE]    $VAR[ListItemResolution]$INFO[ListItem.VideoCodec, ,]$INFO[ListItem.VideoAspect, ,AR][/UPPERCASE]$INFO[ListItem.StereoscopicMode,  [UPPERCASE][B]$LOCALIZE[36501]:[/B][/UPPERCASE]  ]</label>
					<visible>!String.IsEmpty(ListItem.VideoResolution) + !String.IsEqual(ListItem.StereoscopicMode,mono)</visible>
				</control>
				<control type="label">
					<height>30</height>
					<wrapmultiline>false</wrapmultiline>
					<font>Reg20</font>
					<aligny>bottom</aligny>
					<label>[B]$LOCALIZE[292]:[/B][UPPERCASE]    $INFO[ListItem.Property(AudioLanguage.1),, ]$INFO[ListItem.Property(AudioChannels.1),,ch ]$INFO[ListItem.Property(AudioCodec.1),, ]$INFO[ListItem.Property(AudioLanguage.2),| , ]$INFO[ListItem.Property(AudioChannels.2),,ch ]$INFO[ListItem.Property(AudioCodec.2),, ]$INFO[ListItem.Property(AudioLanguage.3),| , ]$INFO[ListItem.Property(AudioChannels.3),,ch ]$INFO[ListItem.Property(AudioCodec.3),, ]$INFO[ListItem.Property(AudioLanguage.4),| , ]$INFO[ListItem.Property(AudioChannels.4),,ch ]$INFO[ListItem.Property(AudioCodec.4),, ]$INFO[ListItem.Property(AudioLanguage.5),| , ]$INFO[ListItem.Property(AudioChannels.5),,ch ]$INFO[ListItem.Property(AudioCodec.5),, ][/UPPERCASE]</label>
					<visible>!String.IsEmpty(ListItem.Property(AudioLanguage.1))</visible>
				</control>
				<control type="label">
					<height>30</height>
					<wrapmultiline>false</wrapmultiline>
					<font>Reg20</font>
					<aligny>bottom</aligny>
					<label>[B]$LOCALIZE[459]:[/B][UPPERCASE]    $INFO[ListItem.Property(SubtitleLanguage.1),, ]$INFO[ListItem.Property(SubtitleLanguage.2),| , ]$INFO[ListItem.Property(SubtitleLanguage.3),| , ]$INFO[ListItem.Property(SubtitleLanguage.4),| , ]$INFO[ListItem.Property(SubtitleLanguage.5),| , ][/UPPERCASE]</label>
					<visible>!String.IsEmpty(ListItem.Property(SubtitleLanguage.1))</visible>
				</control>
			</control>
		</control>
	</include>
	<!-- Artist -->
	<include name="ArtistInfoLayout">
		<!-- Background -->
		<include>Background</include>
		<!-- Dialog -->
		<control type="grouplist" id="500">
			<include>Window_OpenClose</include>
			<width>100%</width>
			<height>100%</height>
			<orientation>vertical</orientation>
			<usecontrolcoords>true</usecontrolcoords>
			<include>ScrollTime</include>
			<itemgap>-80</itemgap>
			<pagecontrol>17</pagecontrol>
			<!-- Meta -->
			<control type="group">
				<top>90</top>
				<width>100%</width>
				<height>580</height>
				<control type="group">
					<!-- Thumb image -->
					<include>MetaSquareThumb</include>
					<!-- meta -->
					<control type="grouplist">
						<left>434</left>
						<orientation>vertical</orientation>
						<height>1020</height>
						<width>1416</width>
						<align>top</align>
						<itemgap>0</itemgap>
						<control type="label">
							<width>100%</width>
							<height>55</height>
							<label>$INFO[ListItem.Label]</label>
							<font>Reg37</font>
							<aligny>top</aligny>
						</control>
						<!-- meta -->
						<include>MetaArtistInfos</include>
						<!-- buttons -->
						<control type="grouplist" id="100">
							<height>70</height>
							<orientation>horizontal</orientation>
							<itemgap>5</itemgap>
							<onleft>900</onleft>
							<onright>noop</onright>
							<control type="button" id="102">
								<include>LightGreyButton</include>
								<label>$LOCALIZE[22083]</label>
								<ondown>200</ondown>
								<onclick>PlayMedia(musicdb://songs/?artistid=$INFO[ListItem.DBID],isdir)</onclick>
							</control>
							<control type="button" id="103">
							<include>LightGreyButtonRound</include>
								<font>material24</font>
								<label></label>
								<ondown>200</ondown>
								<onclick>RunScript(script.embuary.helper,action=textviewer,header='$ESCINFO[ListItem.Label]',message='$ESCINFO[ListItem.Property(Artist_Description)]')</onclick>
								<visible>!String.IsEmpty(ListItem.Property(Artist_Description))</visible>
							</control>
							<control type="button" id="104">
							<include>LightGreyButtonRound</include>
								<font>material24</font>
								<label></label>
								<ondown>200</ondown>
								<onclick condition="!$EXP[HasEmbyContext] + $EXP[HasLibraryEditButton]">SetFocus(4000)</onclick>
								<onclick condition="$EXP[HasEmbyContext]">RunScript(special://home/addons/plugin.video.emby/context.py)</onclick>
								<onclick condition="$EXP[HasEmbyConContext]">RunPlugin(plugin://plugin.video.embycon?mode=SHOW_MENU&amp;item_id=$INFO[ListItem.Property(id)])</onclick>
								<visible>$EXP[HasEmbyContext] | $EXP[HasLibraryEditButton] | $EXP[HasEmbyConContext]</visible>
							</control>
						</control>
						<!-- genre -->
						<include>MetaGenre</include>
						<control type="textbox">
							<width>100%</width>
							<height max="300">auto</height>
							<align>justify</align>
							<aligny>top</aligny>
							<label>$VAR[ArtistInfoPlot]</label>
							<font>Light24</font>
							<autoscroll>false</autoscroll>
						</control>
					</control>
				</control>
				<!-- logo -->
				<include>MetaClearlogo</include>
			</control>
			<!-- Albums -->
			<include content="SquareWidget">
				<param name="visible" value="Window.IsVisible(music)"/>
				<param name="id" value="200"/>
				<param name="onup" value="100"/>
				<param name="ondown" value="201"/>
				<param name="height" value="480"/>
				<param name="mainlabel" value="$INFO[ListItem.Label]"/>
				<param name="sublabel" value="$INFO[ListItem.Label2]"/>
				<param name="headline" value="$LOCALIZE[20396]"/>
				<param name="use_custom_onclick" value="true"/>
				<param name="onclick" value="close"/>
				<param name="onclick2" value="Container.Update($INFO[ListItem.FolderPath])"/>
				<param name="widget_target" value="music"/>
				<param name="content" value="musicdb://artists/$INFO[ListItem.DBID]/"/>
			</include>
			<include content="SquareWidget">
				<param name="visible" value="!Window.IsVisible(music)"/>
				<param name="id" value="201"/>
				<param name="onup" value="200"/>
				<param name="height" value="480"/>
				<param name="mainlabel" value="$INFO[ListItem.Label]"/>
				<param name="sublabel" value="$INFO[ListItem.Label2]"/>
				<param name="headline" value="$LOCALIZE[31227]"/>
				<param name="use_custom_onclick" value="true"/>
				<param name="onclick" value="PlayMedia($INFO[ListItem.FolderPath],isdir)"/>
				<param name="onclick2" value="close"/>
				<param name="onclick3" value="ActivateWindow(visualisation)"/>
				<param name="widget_target" value="music"/>
				<param name="content" value="musicdb://artists/$INFO[ListItem.DBID]/"/>
			</include>
		</control>
		<!-- header bar -->
		<include content="HeaderBar">
			<param name="id">500</param>
		</include>
		<!-- side panel -->
		<include content="SidePanel">
			<param name="onright">500</param>
		</include>
	</include>
</includes>
