<?xml version="1.0" encoding="UTF-8"?>
<includes>
	<!-- Common Layout Includes -->
	<include name="widget_headline">
		<param name="top">23</param>
		<param name="left">65</param>
		<definition>
			<control type="grouplist" id="$PARAM[headlineID]">
				<top>$PARAM[top]</top>
				<left>$PARAM[left]</left>
				<orientation>horizontal</orientation>
				<itemgap>10</itemgap>
				<height>87</height>
				<control type="label">
					<width>auto</width>
					<font>Med23</font>
					<align>left</align>
					<aligny>center</aligny>
					<label>$PARAM[headline]</label>
					<textcolor>text_headline</textcolor>
				</control>
				<control type="image">
					<animation effect="slide" end="0,28" time="0" condition="true">Conditional</animation>
					<height>30</height>
					<width>30</width>
					<texture>$PARAM[headline_icon]</texture>
				</control>
			</control>

		</definition>
	</include>
	<!-- Widget labels -->
	<include name="widget_labels">
		<param name="labels_visible">true</param>
		<param name="mainlabel">$VAR[MainListLabel]</param>
		<param name="sublabel">$VAR[SubListLabel]</param>
		<param name="textoffsetx">0</param>
		<definition>
			<control type="group">
				<top>$PARAM[top]</top>
				<width>$PARAM[width]</width>
				<visible>$PARAM[labels_visible]</visible>
				<control type="label">
					<width>$PARAM[width]</width>
					<height>30</height>
					<label>$PARAM[mainlabel]</label>
					<font>Reg23</font>
					<scroll>$PARAM[focused] + Control.HasFocus($PARAM[id])</scroll>
					<align>center</align>
					<textoffsetx>$PARAM[textoffsetx]</textoffsetx>
					<visible>$PARAM[focused] + Control.HasFocus($PARAM[id])</visible>
				</control>
				<control type="label">
					<width>$PARAM[width]</width>
					<height>30</height>
					<label>$PARAM[mainlabel]</label>
					<font>Reg23</font>
					<scroll>false</scroll>
					<align>center</align>
					<textoffsetx>$PARAM[textoffsetx]</textoffsetx>
					<visible>!$PARAM[focused] | !Control.HasFocus($PARAM[id])</visible>
				</control>
				<control type="label">
					<top>30</top>
					<width>$PARAM[width]</width>
					<height>30</height>
					<label>$PARAM[sublabel]</label>
					<font>Reg23</font>
					<textcolor>text_sublabel</textcolor>
					<scroll>$PARAM[focused] + Control.HasFocus($PARAM[id])</scroll>
					<align>center</align>
					<textoffsetx>$PARAM[textoffsetx]</textoffsetx>
					<visible>$PARAM[focused] + Control.HasFocus($PARAM[id])</visible>
				</control>
				<control type="label">
					<top>30</top>
					<width>$PARAM[width]</width>
					<height>30</height>
					<label>$PARAM[sublabel]</label>
					<font>Reg23</font>
					<textcolor>text_sublabel</textcolor>
					<scroll>false</scroll>
					<align>center</align>
					<textoffsetx>$PARAM[textoffsetx]</textoffsetx>
					<visible>!$PARAM[focused] | !Control.HasFocus($PARAM[id])</visible>
				</control>
			</control>
		</definition>
	</include>
	<!-- Static labels -->
	<include name="static_labels">
		<param name="labels_visible">true</param>
		<param name="mainlabel">$VAR[MainListLabel]</param>
		<param name="sublabel">$VAR[SubListLabel]</param>
		<param name="textoffsetx">0</param>
		<definition>
			<control type="group">
				<top>$PARAM[top]</top>
				<width>$PARAM[width]</width>
				<visible>$PARAM[labels_visible]</visible>
				<control type="label">
					<width>$PARAM[width]</width>
					<height>30</height>
					<label>$PARAM[mainlabel]</label>
					<font>Reg23</font>
					<scroll>true</scroll>
					<align>center</align>
					<textoffsetx>$PARAM[textoffsetx]</textoffsetx>
				</control>
				<control type="label">
					<top>30</top>
					<width>$PARAM[width]</width>
					<height>30</height>
					<label>$PARAM[sublabel]</label>
					<font>Reg23</font>
					<textcolor>lightgrey</textcolor>
					<scroll>true</scroll>
					<align>center</align>
					<textoffsetx>$PARAM[textoffsetx]</textoffsetx>
				</control>
			</control>
		</definition>
	</include>
	<!-- ListItem overlay -->
	<include name="listitem_overlay">
		<control type="group">
			<visible>!String.IsEqual(ListItem.DBType,artist) + !String.IsEqual(ListItem.DBType,album) + !String.IsEqual(ListItem.DBType,song)</visible>
			<control type="image">
				<right>10</right>
				<top>10</top>
				<width>32</width>
				<height>28</height>
				<texture colordiffuse="red">$VAR[PVRTimerIcon]</texture>
				<aspectratio align="right">keep</aspectratio>
				<visible>String.StartsWith(ListItem.Path,pvr://)</visible>
			</control>
			<control type="group">
				<visible>
					Integer.IsGreater(ListItem.Property(UnWatchedEpisodes),0)
					| [
					Integer.IsLess(ListItem.Property(UnWatchedEpisodes),1)
					+ !String.IsEqual(ListItem.Overlay,OverlayUnwatched.png)
					+ [String.IsEqual(ListItem.Overlay,OverlayWatched.png) | Integer.IsGreaterOrEqual(ListItem.PlayCount,1)]
					]
				</visible>
				<visible>![Window.IsVisible(script-script.extendedinfo-DialogVideoInfo.xml) | Window.IsVisible(script-script.extendedinfo-DialogInfo.xml)]</visible>
				<right>8</right>
				<top>9</top>
				<width>44</width>
				<height>44</height>
				<control type="image">
					<width>44</width>
					<height>44</height>
					<texture colordiffuse="$VAR[AccentColor]">items/bubble_small.png</texture>
					<aspectratio>keep</aspectratio>
				</control>
				<control type="label">
					<top>-2</top>
					<left>1</left>
					<width>44</width>
					<height>44</height>
					<label>$INFO[ListItem.Property(UnWatchedEpisodes)]</label>
					<font>BubbleFont</font>
					<textcolor>white</textcolor>
					<selectedcolor>white</selectedcolor>
					<align>center</align>
					<aligny>center</aligny>
					<visible>Integer.IsGreater(ListItem.Property(UnWatchedEpisodes),0)</visible>
				</control>
				<control type="label">
					<top>9</top>
					<left>1</left>
					<width>44</width>
					<height>44</height>
					<label></label>
					<font>FontAwesome20Light</font>
					<textcolor>white</textcolor>
					<selectedcolor>white</selectedcolor>
					<align>center</align>
					<aligny>top</aligny>
					<visible>
						Integer.IsLess(ListItem.Property(UnWatchedEpisodes),1)
						+ !String.IsEqual(ListItem.Overlay,OverlayUnwatched.png)
						+ [String.IsEqual(ListItem.Overlay,OverlayWatched.png) | Integer.IsGreaterOrEqual(ListItem.PlayCount,1)]
					</visible>
				</control>
			</control>
			<control type="group">
				<visible>[Window.IsVisible(script-script.extendedinfo-DialogVideoInfo.xml) | Window.IsVisible(script-script.extendedinfo-DialogInfo.xml)] + !String.IsEmpty(ListItem.DBID)</visible>
				<right>8</right>
				<top>9</top>
				<width>44</width>
				<height>44</height>
				<control type="image">
					<width>44</width>
					<height>44</height>
					<texture colordiffuse="$VAR[AccentColor]">items/bubble_small.png</texture>
					<aspectratio>keep</aspectratio>
				</control>
				<control type="label">
					<top>10</top>
					<left>1</left>
					<width>44</width>
					<height>44</height>
					<label></label>
					<font>FontAwesome20Light</font>
					<textcolor>white</textcolor>
					<selectedcolor>white</selectedcolor>
					<align>center</align>
					<aligny>top</aligny>
				</control>
			</control>
			<control type="group">
				<visible>Window.IsVisible(addonbrowser) + [String.IsEqual(ListItem.Label2,$LOCALIZE[24023]) | String.IsEqual(ListItem.Label2,$LOCALIZE[305])]</visible>
				<right>8</right>
				<top>9</top>
				<width>44</width>
				<height>44</height>
				<control type="image">
					<width>44</width>
					<height>44</height>
					<texture colordiffuse="red">items/bubble_small.png</texture>
					<aspectratio>keep</aspectratio>
					<visible>String.IsEqual(ListItem.Label2,$LOCALIZE[24023])</visible>
				</control>
				<control type="image">
					<width>44</width>
					<height>44</height>
					<texture colordiffuse="$VAR[AccentColor]">items/bubble_small.png</texture>
					<aspectratio>keep</aspectratio>
					<visible>String.IsEqual(ListItem.Label2,$LOCALIZE[305])</visible>
				</control>
				<control type="label">
					<top>9</top>
					<left>1</left>
					<width>44</width>
					<height>44</height>
					<label></label>
					<font>FontAwesome20Light</font>
					<textcolor>white</textcolor>
					<selectedcolor>white</selectedcolor>
					<align>center</align>
					<aligny>top</aligny>
					<visible>String.IsEqual(ListItem.Label2,$LOCALIZE[24023])</visible>
				</control>
				<control type="label">
					<top>9</top>
					<left>1</left>
					<width>44</width>
					<height>44</height>
					<label></label>
					<font>FontAwesome20Light</font>
					<textcolor>white</textcolor>
					<selectedcolor>white</selectedcolor>
					<align>center</align>
					<aligny>top</aligny>
					<visible>String.IsEqual(ListItem.Label2,$LOCALIZE[305])</visible>
				</control>
			</control>
		</control>
	</include>
	<include name="listitem_overlay_small">
		<control type="group">
			<visible>String.IsEqual(ListItem.Overlay,OverlayWatched.png)</visible>
			<left>$PARAM[left]</left>
			<top>$PARAM[top]</top>
			<width>36</width>
			<height>36</height>
			<control type="image">
				<width>36</width>
				<height>36</height>
				<texture colordiffuse="$VAR[AccentColor]">items/bubble_mini.png</texture>
				<aspectratio>keep</aspectratio>
			</control>
			<control type="label">
				<top>8</top>
				<left>2</left>
				<width>36</width>
				<height>36</height>
				<label></label>
				<font>FontAwesome16Light</font>
				<textcolor>white</textcolor>
				<selectedcolor>white</selectedcolor>
				<align>center</align>
				<aligny>top</aligny>
				<visible>String.IsEqual(ListItem.Overlay,OverlayWatched.png)</visible>
			</control>
		</control>
	</include>
	<include name="listitem_action_overlay">
		<param name="visible_icon">true</param>
		<definition>
			<control type="group">
				<visible>$PARAM[focused] + Control.HasFocus($PARAM[id])</visible>
				<include>Animation_FocusTextureFade</include>
				<control type="image">
					<texture>items/inner_shadow.png</texture>
					<aspectratio>stretch</aspectratio>
				</control>
				<control type="group">
					<visible>$PARAM[visible_icon]</visible>
					<visible>[!String.IsEmpty(ListItem.DBtype) + !String.IsEmpty(ListItem.DBID)] | [!String.IsEmpty(ListItem.FileNameAndPath) + [String.StartsWith(ListItem.Path,plugin://plugin.video) | String.StartsWith(ListItem.Path,plugin://plugin.audio) | String.Contains(ListItem.AddonType,$LOCALIZE[20094])]] | String.StartsWith(ListItem.Path,pvr://channels) | String.StartsWith(ListItem.Path,pvr://recordings) | [ListItem.IsFolder + !String.StartsWith(ListItem.Path,pvr://)]</visible>
					<control type="image">
						<centerleft>50%</centerleft>
						<centertop>50%</centertop>
						<width>70</width>
						<height>70</height>
						<texture>items/icon_play.png</texture>
						<visible>![[String.IsEqual(ListItem.DBType,set) | String.IsEqual(ListItem.DBType,tvshow) | String.IsEqual(ListItem.DBType,season) | String.IsEqual(ListItem.DBType,artist) | ListItem.IsFolder] + !String.IsEqual(ListItem.DBType,album)]</visible>
					</control>
					<control type="image">
						<centerleft>50%</centerleft>
						<centertop>50%</centertop>
						<width>70</width>
						<height>70</height>
						<texture>items/icon_folder.png</texture>
						<visible>[String.IsEqual(ListItem.DBType,set) | String.IsEqual(ListItem.DBType,tvshow) | String.IsEqual(ListItem.DBType,season) | String.IsEqual(ListItem.DBType,artist) | ListItem.IsFolder] + !String.IsEqual(ListItem.DBType,album)</visible>
					</control>
				</control>
			</control>
		</definition>
	</include>
	<!-- HasNext arrow -->
	<include name="list_mask">
		<param name="width" default="75"/>
		<param name="visible_forced" default="false"/>
		<definition>
			<control type="group">
				<visible>[Container($PARAM[id]).HasNext + Control.HasFocus($PARAM[id])] | [Container($PARAM[id]).HasNext + $PARAM[visible_forced]]</visible>
				<animation effect="fade" start="0" end="100" time="200" tween="sine">Visible</animation>
				<animation effect="fade" start="100" end="0" time="0">Hidden</animation>
				<height>$PARAM[height]</height>
				<control type="image">
					<top>40</top>
					<bottom>-170</bottom>
					<right>0</right>
					<width>$PARAM[width]</width>
					<texture colordiffuse="d0141414">items/widget_mask.png</texture>
					<aspectratio>stretch</aspectratio>
				</control>
				<control type="label">
					<top>94</top>
					<right>8</right>
					<width>60</width>
					<height>$PARAM[height]</height>
					<label></label>
					<font>Material60</font>
					<textcolor>white</textcolor>
					<shadowcolor>text_shadow</shadowcolor>
					<align>center</align>
					<aligny>center</aligny>
				</control>
			</control>
			<control type="group">
				<visible>[Container($PARAM[id]).HasPrevious + Control.HasFocus($PARAM[id])] | [Container($PARAM[id]).HasPrevious + $PARAM[visible_forced]]</visible>
				<animation effect="fade" start="0" end="100" time="200" tween="sine">Visible</animation>
				<animation effect="fade" start="100" end="0" time="0">Hidden</animation>
				<height>$PARAM[height]</height>
				<control type="image">
					<top>40</top>
					<bottom>-170</bottom>
					<left>0</left>
					<width>$PARAM[width]</width>
					<texture flipx="true" colordiffuse="d0141414">items/widget_mask.png</texture>
					<aspectratio>stretch</aspectratio>
				</control>
				<control type="label">
					<top>94</top>
					<left>8</left>
					<width>60</width>
					<height>$PARAM[height]</height>
					<label></label>
					<font>Material60</font>
					<textcolor>white</textcolor>
					<shadowcolor>text_shadow</shadowcolor>
					<align>center</align>
					<aligny>center</aligny>
				</control>
			</control>
		</definition>
	</include>
	<!-- Spacer -->
	<include name="WidgetSpacer">
		<param name="visible">true</param>
		<param name="height">120</param>
		<definition>
			<control type="label" id="$PARAM[id]">
				<width>1</width>
				<height>$PARAM[height]</height>
				<texturefocus />
				<texturenofocus />
				<label/>
				<font/>
				<visible>$PARAM[visible]</visible>
			</control>
		</definition>
	</include>
	<!-- Progress -->
	<include name="progress">
		<param name="width">100</param>
		<param name="height">2</param>
		<param name="top">0</param>
		<param name="left">0</param>
		<definition>
			<control type="progress">
				<top>$PARAM[top]</top>
				<left>$PARAM[left]</left>
				<width>$PARAM[width]</width>
				<height>$PARAM[height]</height>
				<texturebg colordiffuse="cc515151" border="2">common/white.jpg</texturebg>
				<lefttexture>-</lefttexture>
				<midtexture colordiffuse="$VAR[PlayerAccentColor]" border="2">common/white.jpg</midtexture>
				<righttexture>-</righttexture>
				<info>ListItem.Progress</info>
				<visible>String.StartsWith(ListItem.Path,pvr://channels) + Integer.IsGreater(ListItem.Progress,0)</visible>
			</control>
			<control type="progress">
				<top>$PARAM[top]</top>
				<left>$PARAM[left]</left>
				<width>$PARAM[width]</width>
				<height>$PARAM[height]</height>
				<texturebg colordiffuse="cc515151" border="2">common/white.jpg</texturebg>
				<lefttexture>-</lefttexture>
				<midtexture colordiffuse="$VAR[PlayerAccentColor]" border="2">common/white.jpg</midtexture>
				<righttexture>-</righttexture>
				<info>ListItem.PercentPlayed</info>
				<visible>!String.StartsWith(ListItem.Path,pvr://channels) + Integer.IsGreater(ListItem.PercentPlayed,0)</visible>
			</control>
		</definition>
	</include>
	<include name="PlayerProgress">
		<param name="visible">true</param>
		<param name="width">100</param>
		<param name="height">2</param>
		<param name="top">0</param>
		<param name="left">0</param>
		<definition>
			<control type="progress">
				<top>$PARAM[top]</top>
				<left>$PARAM[left]</left>
				<width>$PARAM[width]</width>
				<height>$PARAM[height]</height>
				<texturebg colordiffuse="cc515151" border="2">common/white.jpg</texturebg>
				<lefttexture>-</lefttexture>
				<midtexture colordiffuse="$VAR[PlayerAccentColor]" border="2">common/white.jpg</midtexture>
				<righttexture>-</righttexture>
				<info>Player.Progress</info>
				<visible>!String.StartsWith(VideoPlayer.Path,pvr://channels) + Integer.IsGreater(Player.Progress,0)</visible>
			</control>
			<control type="progress">
				<top>$PARAM[top]</top>
				<left>$PARAM[left]</left>
				<width>$PARAM[width]</width>
				<height>$PARAM[height]</height>
				<texturebg colordiffuse="cc515151" border="2">common/white.jpg</texturebg>
				<lefttexture>-</lefttexture>
				<midtexture colordiffuse="$VAR[PlayerAccentColor]" border="2">common/white.jpg</midtexture>
				<righttexture>-</righttexture>
				<info>PVR.Progress</info>
				<visible>String.StartsWith(VideoPlayer.Path,pvr://channels) + Integer.IsGreater(PVR.Progress,0)</visible>
			</control>
		</definition>
	</include>
	<!-- Loading spinner -->
	<include name="WidgetLoadingSpinner">
		<control type="image">
			<centerleft>50%</centerleft>
			<centertop>50%</centertop>
			<height>150</height>
			<width>150</width>
			<texture colordiffuse="white">common/spinner.gif</texture>
			<aspectratio align="center" aligny="center">keep</aspectratio>
		</control>
	</include>
	<!-- Sort letter -->
	<include name="ScrollSortLetterLayout">
		<control type="group">
			<control type="image">
				<top>-2</top>
				<left>-2</left>
				<width>86</width>
				<height>86</height>
				<texture diffuse="items/big_circle.png" colordiffuse="turquoise">common/white.jpg</texture>
			</control>
			<control type="textbox">
				<top>-1</top>
				<width>80</width>
				<height>80</height>
				<font>SortLetter</font>
				<textcolor>EEFFFFFF</textcolor>
				<align>center</align>
				<aligny>center</aligny>
				<label>$VAR[SortLetterLabel]</label>
			</control>
		</control>
	</include>
	<include name="ScrollSortLetter">
		<param name="visible">true</param>
		<definition>
			<control type="group">
				<visible>$PARAM[visible]</visible>
				<visible>Container.Scrolling +  [[String.IsEqual(Container.SortMethod,$LOCALIZE[551]) + Control.IsEnabled(4)] | String.IsEqual(Container.SortMethod,$LOCALIZE[561]) | String.IsEqual(Container.SortMethod,$LOCALIZE[558]) | String.IsEqual(Container.SortMethod,$LOCALIZE[557]) | String.IsEqual(Container.SortMethod,$LOCALIZE[556]) | String.IsEqual(Container.SortMethod,$LOCALIZE[563]) | String.IsEqual(Container.SortMethod,$LOCALIZE[549]) | String.IsEqual(Container.SortMethod,$LOCALIZE[20359])]</visible>
				<animation effect="fade" start="0" end="100" time="120" reversible="true" delay="300">VisibleChange</animation>
				<animation effect="slide" start="0,0" end="0,-58" time="0" reversible="true" condition="Window.IsVisible(extendedprogressdialog)">Conditional</animation>
				<control type="group">
					<visible>String.IsEqual(Container.Viewmode,$LOCALIZE[31199]) | String.IsEqual(Container.Viewmode,$LOCALIZE[537]) | Window.IsVisible(videoplaylist)</visible>
					<right>23</right>
					<bottom>23</bottom>
					<width>80</width>
					<height>80</height>
					<include>ScrollSortLetterLayout</include>
				</control>
				<control type="group">
					<visible>[!String.IsEqual(Container.Viewmode,$LOCALIZE[31199]) + !String.IsEqual(Container.Viewmode,$LOCALIZE[537])] | Window.IsVisible(musicplaylist)</visible>
					<left>21</left>
					<bottom>23</bottom>
					<width>80</width>
					<height>80</height>
					<include>ScrollSortLetterLayout</include>
				</control>
			</control>
		</definition>
	</include>
	<!-- Poster -->
	<include name="PosterLayout">
		<param name="mainlabel">$VAR[MainListLabel]</param>
		<param name="sublabel">$VAR[SubListLabel]</param>
		<param name="thumblabel">$VAR[MainListLabel]</param>
		<param name="focused">false</param>
		<param name="visible">true</param>
		<definition>
			<control type="group">
				<visible>$PARAM[visible]</visible>
				<include content="widget_labels">
					<param name="top">367</param>
					<param name="width">237</param>
					<param name="id">$PARAM[id]</param>
					<param name="mainlabel">$PARAM[mainlabel]</param>
					<param name="sublabel">$PARAM[sublabel]</param>
					<param name="focused">$PARAM[focused]</param>
					<param name="labels_visible">$PARAM[labels_visible]</param>
				</include>
				<control type="group">
					<include content="Animation_FocusBounce">
						<param name="id" value="$PARAM[id]"/>
					</include>
					<height>355</height>
					<control type="image">
						<top>-2</top>
						<left>-2</left>
						<width>243</width>
						<height>361</height>
						<texture border="20,20,20,20">items/shadow.png</texture>
					</control>
					<control type="image">
						<left>-12</left>
						<top>-7</top>
						<width>261</width>
						<height>379</height>
						<texture border="20,20,20,20" colordiffuse="$VAR[AccentColor]">items/focus.png</texture>
						<aspectratio>stretch</aspectratio>
						<visible>$PARAM[focused] + Control.HasFocus($PARAM[id])</visible>
						<include condition="$PARAM[focused]">Animation_FocusTextureFade</include>
					</control>
					<control type="image">
						<width>237</width>
						<height>355</height>
						<texture colordiffuse="$VAR[ThumbFallbackColor]">common/white.jpg</texture>
						<aspectratio scalediffuse="false">stretch</aspectratio>
						<visible>[String.IsEmpty(ListItem.Icon) | String.StartsWith(ListItem.Icon,Default)] + String.IsEmpty(ListItem.Art(tvshow.poster))</visible>
					</control>
					<control type="image">
						<width>237</width>
						<height>355</height>
						<texture colordiffuse="$VAR[ThumbBackgroundColor]">common/white.jpg</texture>
						<aspectratio scalediffuse="false">stretch</aspectratio>
						<visible>[!String.IsEmpty(ListItem.Icon) + !String.StartsWith(ListItem.Icon,Default)] | !String.IsEmpty(ListItem.Art(tvshow.poster))</visible>
					</control>
					<control type="textbox">
						<top>10</top>
						<left>10</left>
						<width>217</width>
						<height>335</height>
						<font>Light24</font>
						<textcolor>white</textcolor>
						<align>center</align>
						<aligny>center</aligny>
						<label>$PARAM[thumblabel]</label>
						<visible>[String.IsEmpty(ListItem.Icon) | String.StartsWith(ListItem.Icon,Default)] + String.IsEmpty(ListItem.Art(tvshow.poster))</visible>
					</control>
					<control type="image">
						<width>237</width>
						<height>355</height>
						<texture background="true">$VAR[IconPoster]</texture>
						<aspectratio scalediffuse="false">stretch</aspectratio>
					</control>
					<control type="group">
						<width>237</width>
						<height>355</height>
						<include content="listitem_action_overlay">
							<param name="focused" value="$PARAM[focused]"/>
							<param name="id" value="$PARAM[id]"/>
							<param name="visible_icon" value="$PARAM[visible_icon]"/>
						</include>
						<include>listitem_overlay</include>
					</control>
					<include content="progress">
						<param name="top" value="351"/>
						<param name="width" value="237"/>
					</include>
				</control>
			</control>
		</definition>
	</include>
	<!-- Poster Cast -->
	<include name="CastLayout">
		<param name="mainlabel">$VAR[MainListLabel]</param>
		<param name="sublabel">$VAR[SubListLabel]</param>
		<param name="thumblabel">$VAR[MainListLabel]</param>
		<param name="focused">false</param>
		<param name="visible">true</param>
		<definition>
			<control type="group">
				<visible>$PARAM[visible]</visible>
				<include content="widget_labels">
					<param name="top">367</param>
					<param name="width">237</param>
					<param name="id">$PARAM[id]</param>
					<param name="mainlabel">$PARAM[mainlabel]</param>
					<param name="sublabel">$PARAM[sublabel]</param>
					<param name="focused">$PARAM[focused]</param>
					<param name="labels_visible">$PARAM[labels_visible]</param>
				</include>
				<control type="group">
					<include content="Animation_FocusBounce">
						<param name="id" value="$PARAM[id]"/>
					</include>
					<height>355</height>
					<control type="image">
						<top>-2</top>
						<left>-2</left>
						<width>243</width>
						<height>361</height>
						<texture border="20,20,20,20">items/shadow.png</texture>
					</control>
					<control type="image">
						<left>-12</left>
						<top>-7</top>
						<width>261</width>
						<height>379</height>
						<texture border="20,20,20,20" colordiffuse="$VAR[AccentColor]">items/focus.png</texture>
						<aspectratio>stretch</aspectratio>
						<visible>$PARAM[focused] + Control.HasFocus($PARAM[id])</visible>
						<include condition="$PARAM[focused]">Animation_FocusTextureFade</include>
					</control>
					<control type="group">
						<visible>String.IsEmpty(ListItem.Icon) | String.StartsWith(ListItem.Icon,Default)</visible>
						<control type="image">
							<width>237</width>
							<height>355</height>
							<texture colordiffuse="red">common/white.jpg</texture>
							<aspectratio scalediffuse="false">stretch</aspectratio>
						</control>
						<control type="image">
							<width>237</width>
							<height>355</height>
							<texture>DefaultActor.png</texture>
							<bordersize>20</bordersize>
							<aspectratio scalediffuse="false">keep</aspectratio>
						</control>
					</control>
					<control type="group">
						<visible>!String.IsEmpty(ListItem.Icon) + !String.StartsWith(ListItem.Icon,Default)</visible>
						<control type="image">
							<width>237</width>
							<height>355</height>
							<texture colordiffuse="$VAR[ThumbBackgroundColor]">common/white.jpg</texture>
							<aspectratio scalediffuse="false">stretch</aspectratio>
						</control>
						<control type="image">
							<width>237</width>
							<height>355</height>
							<texture background="true">$INFO[ListItem.Icon]</texture>
							<aspectratio scalediffuse="false">stretch</aspectratio>
							<visible>!String.StartsWith(ListItem.Icon,Default)</visible>
						</control>
					</control>
					<control type="group">
						<width>237</width>
						<height>355</height>
						<include content="listitem_action_overlay">
							<param name="focused" value="$PARAM[focused]"/>
							<param name="id" value="$PARAM[id]"/>
						</include>
					</control>
				</control>
			</control>
		</definition>
	</include>
	<!-- Banner -->
	<include name="BannerLayout">
		<param name="mainlabel">$VAR[MainListLabel]</param>
		<param name="sublabel">$VAR[SubListLabel]</param>
		<param name="thumblabel">$VAR[MainListLabel]</param>
		<param name="focused">false</param>
		<param name="visible">true</param>
		<definition>
			<control type="group">
				<visible>$PARAM[visible]</visible>
				<include content="widget_labels">
					<param name="top">175</param>
					<param name="width">880</param>
					<param name="id">$PARAM[id]</param>
					<param name="mainlabel">$PARAM[mainlabel]</param>
					<param name="sublabel">$PARAM[sublabel]</param>
					<param name="focused">$PARAM[focused]</param>
					<param name="labels_visible">$PARAM[labels_visible]</param>
				</include>
				<control type="group">
					<include content="Animation_FocusBounce">
						<param name="id" value="$PARAM[id]"/>
					</include>
					<height>163</height>
					<control type="image">
						<top>-2</top>
						<left>-2</left>
						<width>886</width>
						<height>169</height>
						<texture border="20,20,20,20">items/shadow.png</texture>
					</control>
					<control type="image">
						<left>-12</left>
						<top>-7</top>
						<width>904</width>
						<height>187</height>
						<texture border="20,20,20,20" colordiffuse="$VAR[AccentColor]">items/focus.png</texture>
						<aspectratio>stretch</aspectratio>
						<visible>$PARAM[focused] + Control.HasFocus($PARAM[id])</visible>
						<include condition="$PARAM[focused]">Animation_FocusTextureFade</include>
					</control>
					<control type="image">
						<width>880</width>
						<height>163</height>
						<texture colordiffuse="$VAR[ThumbFallbackColor]">common/white.jpg</texture>
						<aspectratio scalediffuse="false">stretch</aspectratio>
						<visible>![!String.IsEmpty(ListItem.Art(banner)) | !String.IsEmpty(ListItem.Art(tvshow.banner)) | !String.IsEmpty(ListItem.Art(fanart)) | !String.IsEmpty(ListItem.Art(tvshow.fanart))]</visible>
					</control>
					<control type="image">
						<width>880</width>
						<height>163</height>
						<texture colordiffuse="$VAR[ThumbBackgroundColor]">common/white.jpg</texture>
						<aspectratio scalediffuse="false">stretch</aspectratio>
						<visible>!String.IsEmpty(ListItem.Art(banner)) | !String.IsEmpty(ListItem.Art(tvshow.banner)) | !String.IsEmpty(ListItem.Art(fanart)) | !String.IsEmpty(ListItem.Art(tvshow.fanart))</visible>
					</control>
					<control type="textbox">
						<top>10</top>
						<left>10</left>
						<width>860</width>
						<height>143</height>
						<font>Light24</font>
						<textcolor>white</textcolor>
						<align>center</align>
						<aligny>center</aligny>
						<label>$PARAM[thumblabel]</label>
						<visible>![!String.IsEmpty(ListItem.Art(banner)) | !String.IsEmpty(ListItem.Art(tvshow.banner)) | !String.IsEmpty(ListItem.Art(fanart)) | !String.IsEmpty(ListItem.Art(tvshow.fanart))]</visible>
					</control>
					<control type="image">
						<width>880</width>
						<height>163</height>
						<texture background="true">$VAR[IconBanner]</texture>
						<aspectratio scalediffuse="false" aligny="top">scale</aspectratio>
						<visible>!String.IsEmpty(ListItem.Art(banner)) | !String.IsEmpty(ListItem.Art(tvshow.banner)) | !String.IsEmpty(ListItem.Art(fanart)) | !String.IsEmpty(ListItem.Art(tvshow.fanart))</visible>
					</control>
					<control type="image">
						<width>880</width>
						<height>163</height>
						<texture background="true">$VAR[ListItemClearlogo]</texture>
						<aspectratio scalediffuse="false">keep</aspectratio>
						<bordersize>20</bordersize>
						<visible>String.IsEmpty(ListItem.Art(banner)) + String.IsEmpty(ListItem.Art(tvshow.banner)) + [!String.IsEmpty(ListItem.Art(fanart)) | !String.IsEmpty(ListItem.Art(tvshow.fanart))]</visible>
					</control>
					<control type="group">
						<width>880</width>
						<height>163</height>
						<include content="listitem_action_overlay">
							<param name="focused" value="$PARAM[focused]"/>
							<param name="id" value="$PARAM[id]"/>
							<param name="visible_icon" value="$PARAM[visible_icon]"/>
						</include>
						<include>listitem_overlay</include>
					</control>
					<include content="progress">
						<param name="top" value="159"/>
						<param name="width" value="880"/>
					</include>
				</control>
			</control>
		</definition>
	</include>
	<!-- Landscape -->
	<include name="LandscapeLayout">
		<param name="mainlabel">$VAR[MainListLabel]</param>
		<param name="sublabel">$VAR[SubListLabel]</param>
		<param name="thumblabel">$VAR[MainListLabel]</param>
		<param name="ar">keep</param>
		<param name="focused">false</param>
		<param name="visible">true</param>
		<definition>
			<control type="group">
				<visible>$PARAM[visible]</visible>
				<include content="widget_labels">
					<param name="top">254</param>
					<param name="width">430</param>
					<param name="id">$PARAM[id]</param>
					<param name="mainlabel">$PARAM[mainlabel]</param>
					<param name="sublabel">$PARAM[sublabel]</param>
					<param name="focused">$PARAM[focused]</param>
					<param name="labels_visible">$PARAM[labels_visible]</param>
				</include>
				<control type="group">
					<include content="Animation_FocusBounce">
						<param name="id" value="$PARAM[id]"/>
					</include>
					<height>242</height>
					<control type="image">
						<top>-2</top>
						<left>-2</left>
						<width>436</width>
						<height>248</height>
						<texture border="20,20,20,20">items/shadow.png</texture>
					</control>
					<control type="image">
						<left>-12</left>
						<top>-7</top>
						<width>454</width>
						<height>266</height>
						<texture border="20,20,20,20" colordiffuse="$VAR[AccentColor]">items/focus.png</texture>
						<aspectratio>stretch</aspectratio>
						<visible>$PARAM[focused] + Control.HasFocus($PARAM[id])</visible>
						<include condition="$PARAM[focused]">Animation_FocusTextureFade</include>
					</control>
					<control type="image">
						<width>430</width>
						<height>242</height>
						<texture colordiffuse="$VAR[ThumbFallbackColor]">common/white.jpg</texture>
						<aspectratio scalediffuse="false">stretch</aspectratio>
						<visible>String.IsEmpty(ListItem.Icon) | String.StartsWith(ListItem.Icon,Default)</visible>
					</control>
					<control type="image">
						<width>430</width>
						<height>242</height>
						<texture colordiffuse="$VAR[ThumbBackgroundColor]">common/white.jpg</texture>
						<aspectratio scalediffuse="false">stretch</aspectratio>
						<visible>!String.IsEmpty(ListItem.Icon) + !String.StartsWith(ListItem.Icon,Default)</visible>
					</control>
					<control type="textbox">
						<top>10</top>
						<left>10</left>
						<width>410</width>
						<height>222</height>
						<font>Light24</font>
						<textcolor>white</textcolor>
						<align>center</align>
						<aligny>center</aligny>
						<label>$PARAM[thumblabel]</label>
						<visible>String.IsEmpty(ListItem.Icon) | String.StartsWith(ListItem.Icon,Default)</visible>
					</control>
					<control type="image">
						<width>430</width>
						<height>242</height>
						<texture background="true">$VAR[IconLandscape]</texture>
						<aspectratio scalediffuse="false">$PARAM[ar]</aspectratio>
						<visible>![String.StartsWith(ListItem.Path,pvr://) + [String.Contains(ListItem.Icon,imagecache) | !String.Contains(ListItem.Icon,.jpg)]] + !String.StartsWith(ListItem.Icon,Default) + !String.StartsWith(ListItem.Art(thumb),image://picturefolder) + !String.EndsWith(ListItem.Art(thumb),folder.jpg)</visible>
					</control>
					<control type="image">
						<width>430</width>
						<height>242</height>
						<texture background="true">$INFO[ListItem.Art(thumb)]</texture>
						<aspectratio scalediffuse="false">keep</aspectratio>
						<visible>String.StartsWith(ListItem.Art(thumb),image://picturefolder) | String.EndsWith(ListItem.Art(thumb),folder.jpg)</visible>
					</control>
					<control type="image">
						<width>430</width>
						<height>242</height>
						<texture background="true">$INFO[ListItem.Icon]</texture>
						<aspectratio scalediffuse="false">keep</aspectratio>
						<bordersize>20</bordersize>
						<visible>[String.StartsWith(ListItem.Path,pvr://) + [String.Contains(ListItem.Icon,imagecache) | !String.Contains(ListItem.Icon,.jpg)]] + !String.StartsWith(ListItem.Icon,Default) + !String.StartsWith(ListItem.Art(thumb),image://picturefolder) + !String.EndsWith(ListItem.Art(thumb),folder.jpg)</visible>
					</control>
					<control type="group">
						<width>430</width>
						<height>242</height>
						<include content="listitem_action_overlay">
							<param name="focused" value="$PARAM[focused]"/>
							<param name="id" value="$PARAM[id]"/>
							<param name="visible_icon" value="$PARAM[visible_icon]"/>
						</include>
						<include>listitem_overlay</include>
					</control>
					<include content="progress">
						<param name="top" value="238"/>
						<param name="width" value="430"/>
					</include>
				</control>
			</control>
		</definition>
	</include>
	<!-- Square Settings-->
	<include name="SettingsLayout">
		<param name="mainlabel">$VAR[MainListLabel]</param>
		<param name="sublabel">$VAR[SubListLabel]</param>
		<param name="focused">false</param>
		<param name="visible">true</param>
		<definition>
			<control type="group">
				<visible>$PARAM[visible]</visible>
				<include content="widget_labels">
					<param name="top">292</param>
					<param name="width">280</param>
					<param name="id">$PARAM[id]</param>
					<param name="mainlabel">$PARAM[mainlabel]</param>
					<param name="sublabel">$PARAM[sublabel]</param>
					<param name="focused">$PARAM[focused]</param>
					<param name="labels_visible">$PARAM[labels_visible]</param>
				</include>
				<control type="group">
					<include content="Animation_FocusBounce">
						<param name="id" value="$PARAM[id]"/>
					</include>
					<height>280</height>
					<control type="image">
						<top>-2</top>
						<left>-2</left>
						<width>286</width>
						<height>286</height>
						<texture border="20,20,20,20">items/shadow.png</texture>
					</control>
					<control type="image">
						<left>-12</left>
						<top>-7</top>
						<width>304</width>
						<height>304</height>
						<texture border="20,20,20,20" colordiffuse="$VAR[AccentColor]">items/focus.png</texture>
						<aspectratio>stretch</aspectratio>
						<visible>$PARAM[focused] + Control.HasFocus($PARAM[id])</visible>
						<include condition="$PARAM[focused]">Animation_FocusTextureFade</include>
					</control>
					<control type="image">
						<width>280</width>
						<height>280</height>
						<texture colordiffuse="$PARAM[color]">common/white.jpg</texture>
						<aspectratio>stretch</aspectratio>
					</control>
					<control type="textbox">
						<top>10</top>
						<left>10</left>
						<width>260</width>
						<height>260</height>
						<font>Material70</font>
						<textcolor>EEFFFFFF</textcolor>
						<align>center</align>
						<aligny>center</aligny>
						<label>$INFO[ListItem.Label2]</label>
					</control>
				</control>
			</control>
		</definition>
	</include>
	<!-- Square -->
	<include name="SquareLayout">
		<param name="mainlabel">$VAR[MainListLabel]</param>
		<param name="sublabel">$VAR[SubListLabel]</param>
		<param name="thumblabel">$VAR[MainListLabel]</param>
		<param name="focused">false</param>
		<param name="visible">true</param>
		<definition>
			<control type="group">
				<visible>$PARAM[visible]</visible>
				<include content="widget_labels">
					<param name="top">292</param>
					<param name="width">280</param>
					<param name="id">$PARAM[id]</param>
					<param name="mainlabel">$PARAM[mainlabel]</param>
					<param name="sublabel">$PARAM[sublabel]</param>
					<param name="focused">$PARAM[focused]</param>
					<param name="labels_visible">$PARAM[labels_visible]</param>
				</include>
				<control type="group">
					<include content="Animation_FocusBounce">
						<param name="id" value="$PARAM[id]"/>
					</include>
					<height>280</height>
					<control type="image">
						<top>-2</top>
						<left>-2</left>
						<width>286</width>
						<height>286</height>
						<texture border="20,20,20,20">items/shadow.png</texture>
					</control>
					<control type="image">
						<left>-12</left>
						<top>-7</top>
						<width>304</width>
						<height>304</height>
						<texture border="20,20,20,20" colordiffuse="$VAR[AccentColor]">items/focus.png</texture>
						<aspectratio>stretch</aspectratio>
						<visible>$PARAM[focused] + Control.HasFocus($PARAM[id])</visible>
						<include condition="$PARAM[focused]">Animation_FocusTextureFade</include>
					</control>
					<control type="image">
						<width>280</width>
						<height>280</height>
						<texture colordiffuse="$VAR[ThumbFallbackColor]">common/white.jpg</texture>
						<aspectratio>stretch</aspectratio>
						<visible>String.IsEmpty(ListItem.Icon) | String.StartsWith(ListItem.Icon,Default)</visible>
					</control>
					<control type="image">
						<width>280</width>
						<height>280</height>
						<texture colordiffuse="$VAR[ThumbBackgroundColor]">common/white.jpg</texture>
						<aspectratio scalediffuse="false">stretch</aspectratio>
						<visible>!String.IsEmpty(ListItem.Icon) + !String.StartsWith(ListItem.Icon,Default)</visible>
					</control>
					<control type="textbox">
						<top>10</top>
						<left>10</left>
						<width>260</width>
						<height>260</height>
						<font>Light24</font>
						<textcolor>white</textcolor>
						<align>center</align>
						<aligny>center</aligny>
						<label>$PARAM[thumblabel]</label>
						<visible>String.IsEmpty(ListItem.Icon) | String.StartsWith(ListItem.Icon,Default)</visible>
					</control>
					<control type="image">
						<width>280</width>
						<height>280</height>
						<texture background="true">$VAR[IconSquare]</texture>
						<aspectratio scalediffuse="false">scale</aspectratio>
						<visible>[!String.StartsWith(ListItem.Path,pvr://) | [String.StartsWith(ListItem.Path,pvr://) + ![String.Contains(ListItem.Icon,imagecache) | !String.Contains(ListItem.Icon,.jpg)]]] + !String.StartsWith(ListItem.Icon,Default)</visible>
					</control>
					<control type="image">
						<width>280</width>
						<height>280</height>
						<texture background="true">$INFO[ListItem.Icon]</texture>
						<aspectratio scalediffuse="false">keep</aspectratio>
						<bordersize>20</bordersize>
						<visible>String.StartsWith(ListItem.Path,pvr://) + [String.Contains(ListItem.Icon,imagecache) | !String.Contains(ListItem.Icon,.jpg)] + !String.StartsWith(ListItem.Icon,Default)</visible>
					</control>
					<control type="group">
						<width>280</width>
						<height>280</height>
						<include content="listitem_action_overlay">
							<param name="focused" value="$PARAM[focused]"/>
							<param name="id" value="$PARAM[id]"/>
							<param name="visible_icon" value="$PARAM[visible_icon]"/>
						</include>
						<include>listitem_overlay</include>
					</control>
					<include content="progress">
						<param name="top" value="277"/>
						<param name="width" value="280"/>
					</include>
				</control>
			</control>
		</definition>
	</include>
	<!-- Profiles -->
	<include name="ProfileLayout">
		<param name="mainlabel">$VAR[MainListLabel]</param>
		<param name="sublabel">$VAR[SubListLabel]</param>
		<param name="focused">false</param>
		<param name="visible">true</param>
		<definition>
			<control type="group">
				<visible>$PARAM[visible]</visible>
				<include content="widget_labels">
					<param name="top">288</param>
					<param name="width">276</param>
					<param name="id">$PARAM[id]</param>
					<param name="mainlabel">$PARAM[mainlabel]</param>
					<param name="sublabel">$PARAM[sublabel]</param>
					<param name="focused">$PARAM[focused]</param>
					<param name="labels_visible">$PARAM[labels_visible]</param>
				</include>
				<control type="group">
					<include content="Animation_FocusBounce">
						<param name="id" value="$PARAM[id]"/>
					</include>
					<height>276</height>
					<control type="image">
						<top>-2</top>
						<left>-2</left>
						<width>282</width>
						<height>282</height>
						<texture border="20,20,20,20">items/shadow.png</texture>
					</control>
					<control type="image">
						<left>-12</left>
						<top>-7</top>
						<width>300</width>
						<height>300</height>
						<texture border="20,20,20,20" colordiffuse="$VAR[AccentColor]">items/focus.png</texture>
						<aspectratio>stretch</aspectratio>
						<visible>$PARAM[focused] + Control.HasFocus($PARAM[id])</visible>
						<include condition="$PARAM[focused]">Animation_FocusTextureFade</include>
					</control>
					<control type="image">
						<width>276</width>
						<height>276</height>
						<texture colordiffuse="thumb_background_fallback_secondary">common/white.jpg</texture>
						<aspectratio>stretch</aspectratio>
						<visible>String.IsEmpty(ListItem.Icon) | String.StartsWith(ListItem.Icon,Default)</visible>
					</control>
					<control type="image">
						<width>276</width>
						<height>276</height>
						<texture background="true">views/profile/logindefault.png</texture>
						<aspectratio scalediffuse="false">stretch</aspectratio>
						<visible>String.IsEmpty(ListItem.Icon) | String.StartsWith(ListItem.Icon,Default)</visible>
					</control>
					<control type="image">
						<width>276</width>
						<height>276</height>
						<texture background="true">$INFO[ListItem.Icon]</texture>
						<aspectratio scalediffuse="false">stretch</aspectratio>
						<visible>!String.StartsWith(ListItem.Icon,Default)</visible>
					</control>
				</control>
			</control>
		</definition>
	</include>
	<!-- Genre -->
	<include name="GenreLayout">
		<param name="mainlabel">$VAR[MainListLabel]</param>
		<param name="sublabel">$VAR[SubListLabel]</param>
		<param name="thumblabel">$VAR[MainListLabel]</param>
		<param name="focused">false</param>
		<param name="visible">true</param>
		<definition>
			<control type="group">
				<visible>$PARAM[visible]</visible>
				<include content="widget_labels">
					<param name="top">367</param>
					<param name="width">237</param>
					<param name="id">$PARAM[id]</param>
					<param name="mainlabel">$PARAM[mainlabel]</param>
					<param name="sublabel">$PARAM[sublabel]</param>
					<param name="focused">$PARAM[focused]</param>
					<param name="labels_visible">$PARAM[labels_visible]</param>
				</include>
				<control type="group">
					<include content="Animation_FocusBounce">
						<param name="id" value="$PARAM[id]"/>
					</include>
					<height>355</height>
					<control type="image">
						<top>-2</top>
						<left>-2</left>
						<width>243</width>
						<height>361</height>
						<texture border="20,20,20,20">items/shadow.png</texture>
					</control>
					<control type="image">
						<left>-12</left>
						<top>-7</top>
						<width>261</width>
						<height>379</height>
						<texture border="20,20,20,20" colordiffuse="$VAR[AccentColor]">items/focus.png</texture>
						<aspectratio>stretch</aspectratio>
						<visible>$PARAM[focused] + Control.HasFocus($PARAM[id])</visible>
						<include condition="$PARAM[focused]">Animation_FocusTextureFade</include>
					</control>
					<control type="image">
						<width>237</width>
						<height>355</height>
						<texture colordiffuse="$VAR[ThumbFallbackColor]">common/white.jpg</texture>
						<aspectratio scalediffuse="false">stretch</aspectratio>
						<visible>String.IsEmpty(ListItem.Art(poster.0))</visible>
					</control>
					<control type="image">
						<width>237</width>
						<height>355</height>
						<texture colordiffuse="ff010202">common/white.jpg</texture>
						<aspectratio scalediffuse="false">stretch</aspectratio>
						<visible>!String.IsEmpty(ListItem.Art(poster.0))</visible>
					</control>
					<control type="textbox">
						<top>10</top>
						<left>10</left>
						<width>217</width>
						<height>335</height>
						<font>Light24</font>
						<textcolor>white</textcolor>
						<align>center</align>
						<aligny>center</aligny>
						<label>$PARAM[thumblabel]</label>
						<visible>String.IsEmpty(ListItem.Art(poster.0))</visible>
					</control>
					<control type="group">
						<width>237</width>
						<height>355</height>
						<control type="image">
							<width>119</width>
							<height>178</height>
							<texture background="true">$INFO[ListItem.Art(poster.0)]</texture>
							<aspectratio>stretch</aspectratio>
						</control>
						<control type="image">
							<right>0</right>
							<width>118</width>
							<height>178</height>
							<texture background="true">$INFO[ListItem.Art(poster.1)]</texture>
							<aspectratio>stretch</aspectratio>
						</control>
						<control type="image">
							<bottom>0</bottom>
							<width>119</width>
							<height>177</height>
							<texture background="true">$INFO[ListItem.Art(poster.2)]</texture>
							<aspectratio>stretch</aspectratio>
						</control>
						<control type="image">
							<right>0</right>
							<bottom>0</bottom>
							<width>118</width>
							<height>177</height>
							<texture background="true">$INFO[ListItem.Art(poster.3)]</texture>
							<aspectratio>stretch</aspectratio>
						</control>
					</control>
					<control type="group">
						<width>237</width>
						<height>355</height>
						<include content="listitem_action_overlay">
							<param name="focused" value="$PARAM[focused]"/>
							<param name="id" value="$PARAM[id]"/>
							<param name="visible_icon" value="$PARAM[visible_icon]"/>
						</include>
					</control>
				</control>
			</control>
		</definition>
	</include>
	<!-- Main Menu -->
	<include name="MainMenuLayout">
		<param name="focused">false</param>
		<definition>
			<include content="widget_labels">
				<param name="top">170</param>
				<param name="width">280</param>
				<param name="id">$PARAM[id]</param>
				<param name="mainlabel">$PARAM[mainlabel]</param>
				<param name="sublabel">$PARAM[sublabel]</param>
				<param name="focused">$PARAM[focused]</param>
				<param name="labels_visible">$PARAM[labels_visible]</param>
			</include>
			<control type="group">
				<include content="Animation_FocusBounce">
					<param name="id" value="$PARAM[id]"/>
				</include>
				<height>158</height>
				<control type="image">
					<top>-2</top>
					<left>-2</left>
					<width>286</width>
					<height>164</height>
					<texture border="20,20,20,20">items/shadow.png</texture>
				</control>
				<control type="image">
					<left>-12</left>
					<top>-7</top>
					<width>304</width>
					<height>182</height>
					<texture border="20,20,20,20" colordiffuse="$VAR[AccentColor]">items/focus.png</texture>
					<aspectratio>stretch</aspectratio>
					<visible>$PARAM[focused] + Control.HasFocus($PARAM[id])</visible>
					<include condition="$PARAM[focused]">Animation_FocusTextureFade</include>
				</control>
				<!-- icon -->
				<control type="group">
					<visible>
						String.IsEmpty(ListItem.Property(useFakeArt))
						| String.IsEqual(ListItem.Property(useFakeArt),false)
						| [String.IsEqual(ListItem.Property(useFakeArt),true) + [String.IsEmpty(ListItem.Property(Art1)) | String.IsEmpty(ListItem.Property(Art2)) | String.IsEmpty(ListItem.Property(Art3)) | String.IsEmpty(ListItem.Property(Art4))]]
					</visible>
					<control type="image">
						<width>280</width>
						<height>158</height>
						<texture colordiffuse="thumb_background_fallback_secondary">common/white.jpg</texture>
						<aspectratio>stretch</aspectratio>
						<visible>String.StartsWith(ListItem.Icon,Default) | String.IsEmpty(ListItem.Icon)</visible>
					</control>
					<control type="image">
						<width>280</width>
						<height>158</height>
						<texture colordiffuse="thumb_background">common/white.jpg</texture>
						<visible>!String.StartsWith(ListItem.Icon,Default) + !String.IsEmpty(ListItem.Icon)</visible>
					</control>
					<control type="group">
						<visible>!String.StartsWith(ListItem.Icon,Default) + !String.IsEmpty(ListItem.Icon)</visible>
						<control type="image">
							<width>280</width>
							<height>158</height>
							<texture background="true">$INFO[ListItem.Icon]</texture>
							<aspectratio scalediffuse="false">keep</aspectratio>
							<visible>String.IsEqual(ListItem.Property(aspectRatio),keep) | String.IsEmpty(ListItem.Property(aspectRatio))</visible>
						</control>
						<control type="image">
							<width>280</width>
							<height>158</height>
							<texture background="true">$INFO[ListItem.Icon]</texture>
							<aspectratio scalediffuse="false">stretch</aspectratio>
							<visible>String.IsEqual(ListItem.Property(aspectRatio),stretch)</visible>
						</control>
						<control type="image">
							<width>280</width>
							<height>158</height>
							<texture background="true">$INFO[ListItem.Icon]</texture>
							<aspectratio scalediffuse="false">scale</aspectratio>
							<visible>String.IsEqual(ListItem.Property(aspectRatio),scale)</visible>
						</control>
					</control>
					<control type="image">
						<width>280</width>
						<height>158</height>
						<texture background="true">$VAR[MainMenuFallbackIcon]</texture>
						<colordiffuse>ccffffff</colordiffuse>
						<aspectratio scalediffuse="false">keep</aspectratio>
						<bordersize>10</bordersize>
						<visible>String.StartsWith(ListItem.Icon,Default) | String.IsEmpty(ListItem.Icon)</visible>
					</control>
				</control>
				<!-- emby styled art -->
				<control type="group">
					<visible>String.IsEqual(ListItem.Property(useFakeArt),true) + !String.IsEmpty(ListItem.Property(Art1)) + !String.IsEmpty(ListItem.Property(Art2)) + !String.IsEmpty(ListItem.Property(Art3)) + !String.IsEmpty(ListItem.Property(Art4))</visible>
					<top>2</top>
					<width>280</width>
					<control type="image">
						<top>-2</top>
						<width>280</width>
						<height>158</height>
						<texture colordiffuse="ff010202">common/white.jpg</texture>
					</control>
					<!-- art 1 -->
					<control type="group">
						<width>66</width>
						<left>3</left>
						<control type="image">
							<height>110</height>
							<texture colordiffuse="$VAR[ThumbBackgroundColor]">common/white.jpg</texture>
							<aspectratio>scale</aspectratio>
						</control>
						<control type="image">
							<height>110</height>
							<texture background="true">$INFO[ListItem.Property(Art1)]</texture>
							<aspectratio>scale</aspectratio>
						</control>
						<control type="image">
							<top>112</top>
							<height>110</height>
							<texture flipy="true" diffuse="items/mirror_mask.png" colordiffuse="$VAR[ThumbBackgroundColor]">common/white.jpg</texture>
							<aspectratio scalediffuse="false">scale</aspectratio>
						</control>
						<control type="image">
							<top>112</top>
							<height>110</height>
							<texture flipy="true" diffuse="items/mirror_mask.png" background="true">$INFO[ListItem.Property(Art1)]</texture>
							<aspectratio scalediffuse="false">scale</aspectratio>
						</control>
					</control>
					<!-- art 2 -->
					<control type="group">
						<width>65</width>
						<left>73</left>
						<control type="image">
							<height>110</height>
							<texture colordiffuse="$VAR[ThumbBackgroundColor]">common/white.jpg</texture>
							<aspectratio>scale</aspectratio>
						</control>
						<control type="image">
							<height>110</height>
							<texture background="true">$INFO[ListItem.Property(Art2)]</texture>
							<aspectratio>scale</aspectratio>
						</control>
						<control type="image">
							<top>112</top>
							<height>110</height>
							<texture flipy="true" diffuse="items/mirror_mask.png" colordiffuse="$VAR[ThumbBackgroundColor]">common/white.jpg</texture>
							<aspectratio scalediffuse="false">scale</aspectratio>
						</control>
						<control type="image">
							<top>112</top>
							<height>110</height>
							<texture flipy="true" diffuse="items/mirror_mask.png" background="true">$INFO[ListItem.Property(Art2)]</texture>
							<aspectratio scalediffuse="false">scale</aspectratio>
						</control>
					</control>
					<!-- art 3 -->
					<control type="group">
						<width>65</width>
						<left>142</left>
						<control type="image">
							<height>110</height>
							<texture colordiffuse="$VAR[ThumbBackgroundColor]">common/white.jpg</texture>
							<aspectratio>scale</aspectratio>
						</control>
						<control type="image">
							<height>110</height>
							<texture background="true">$INFO[ListItem.Property(Art3)]</texture>
							<aspectratio>scale</aspectratio>
						</control>
						<control type="image">
							<top>112</top>
							<height>110</height>
							<texture flipy="true" diffuse="items/mirror_mask.png" colordiffuse="$VAR[ThumbBackgroundColor]">common/white.jpg</texture>
							<aspectratio scalediffuse="false">scale</aspectratio>
						</control>
						<control type="image">
							<top>112</top>
							<height>110</height>
							<texture flipy="true" diffuse="items/mirror_mask.png" background="true">$INFO[ListItem.Property(Art3)]</texture>
							<aspectratio scalediffuse="false">scale</aspectratio>
						</control>
					</control>
					<!-- art 4 -->
					<control type="group">
						<width>66</width>
						<left>211</left>
						<control type="image">
							<height>110</height>
							<texture colordiffuse="$VAR[ThumbBackgroundColor]">common/white.jpg</texture>
							<aspectratio>scale</aspectratio>
						</control>
						<control type="image">
							<height>110</height>
							<texture background="true">$INFO[ListItem.Property(Art4)]</texture>
							<aspectratio>scale</aspectratio>
						</control>
						<control type="image">
							<top>112</top>
							<height>110</height>
							<texture flipy="true" diffuse="items/mirror_mask.png" colordiffuse="$VAR[ThumbBackgroundColor]">common/white.jpg</texture>
							<aspectratio scalediffuse="false">scale</aspectratio>
						</control>
						<control type="image">
							<top>112</top>
							<height>110</height>
							<texture flipy="true" diffuse="items/mirror_mask.png" background="true">$INFO[ListItem.Property(Art4)]</texture>
							<aspectratio scalediffuse="false">scale</aspectratio>
						</control>
					</control>
				</control>
				<control type="group">
					<width>280</width>
					<height>158</height>
					<include content="listitem_action_overlay">
						<param name="focused" value="$PARAM[focused]"/>
						<param name="id" value="$PARAM[id]"/>
						<param name="visible_icon" value="$PARAM[visible_icon]"/>
					</include>
				</control>
			</control>
		</definition>
	</include>
	<!-- Small Menu -->
	<include name="SmallMenuLayout">
		<param name="focused">false</param>
		<definition>
			<control type="group">
				<height>60</height>
				<control type="group">
					<visible>!Control.HasFocus($PARAM[id]) | !$PARAM[focused]</visible>
					<control type="image">
						<width>250</width>
						<height>60</height>
						<texture border="10" colordiffuse="grey_button">items/button.png</texture>
						<aspectratio>stretch</aspectratio>
					</control>
					<control type="label">
						<width>250</width>
						<height>60</height>
						<font>med22</font>
						<textcolor>white</textcolor>
						<focusedcolor>white</focusedcolor>
						<selectedcolor>white</selectedcolor>
						<shadowcolor>text_shadow</shadowcolor>
						<textoffsetx>10</textoffsetx>
						<aligny>center</aligny>
						<align>center</align>
						<label>$INFO[ListItem.Label]</label>
						<scroll>false</scroll>
					</control>
				</control>
				<control type="group">
					<visible>Control.HasFocus($PARAM[id]) + $PARAM[focused]</visible>
					<control type="image">
						<width>250</width>
						<height>60</height>
						<texture border="10" colordiffuse="$VAR[AccentColor]">items/button.png</texture>
						<aspectratio>stretch</aspectratio>
					</control>
					<control type="label">
						<width>250</width>
						<height>60</height>
						<font>med22</font>
						<textcolor>white</textcolor>
						<focusedcolor>white</focusedcolor>
						<selectedcolor>white</selectedcolor>
						<shadowcolor>text_shadow</shadowcolor>
						<textoffsetx>10</textoffsetx>
						<aligny>center</aligny>
						<align>center</align>
						<label>$INFO[ListItem.Label]</label>
						<scroll>true</scroll>
					</control>
				</control>
			</control>
		</definition>
	</include>
	<!-- List -->
	<include name="ListLayout">
		<param name="focused">false</param>
		<param name="mainlabel">$VAR[MainListLabel]</param>
		<param name="sublabel">$VAR[SubListLabel]</param>
		<param name="rightlabel">$VAR[RightListLabel]</param>
		<param name="rightlabel2">$VAR[RightListLabel2]</param>
		<definition>
			<control type="group">
				<visible>$PARAM[focused] + Control.HasFocus($PARAM[id])</visible>
				<control type="image">
					<top>-2</top>
					<left>-31</left>
					<right>-33</right>
					<height>126</height>
					<texture border="20,20,20,20">items/shadow.png</texture>
					<aspectratio>stretch</aspectratio>
				</control>
				<control type="image">
					<left>-30</left>
					<right>-30</right>
					<height>120</height>
					<texture colordiffuse="list_hover">common/white.jpg</texture>
					<aspectratio>stretch</aspectratio>
				</control>
			</control>
			<control type="group">
				<top>10</top>
				<control type="image">
					<width>68</width>
					<height>100</height>
					<texture>DefaultIconError.png</texture>
					<aspectratio aligny="center" align="center">keep</aspectratio>
					<visible>String.IsEmpty(ListItem.Icon)</visible>
				</control>
				<control type="image">
					<width>68</width>
					<height>100</height>
					<texture background="true">$INFO[ListItem.Icon]</texture>
					<aspectratio aligny="center" align="center">keep</aspectratio>
					<visible>!String.IsEmpty(ListItem.Icon)</visible>
				</control>
				<include content="listitem_overlay_small">
					<param name="left" value="45"/>
					<param name="top" value="5"/>
				</include>
			</control>
			<control type="group">
				<visible>![Player.HasMedia + String.IsEqual(ListItem.Title,Player.Title)] + !ListItem.IsSelected</visible>
				<control type="label">
					<left>100</left>
					<right>250</right>
					<height>120</height>
					<font>Reg24</font>
					<scroll>$PARAM[focused]</scroll>
					<label>$PARAM[mainlabel][CR][COLOR text_sublabel]$PARAM[sublabel][/COLOR]</label>
				</control>
				<control type="label">
					<right>0</right>
					<width>300</width>
					<height>120</height>
					<align>right</align>
					<font>reg24</font>
					<scroll>$PARAM[focused]</scroll>
					<label>$PARAM[rightlabel][CR][COLOR text_sublabel]$PARAM[rightlabel2][/COLOR]</label>
				</control>
			</control>
			<control type="group">
				<visible>[Player.HasMedia + String.IsEqual(ListItem.Title,Player.Title)] | ListItem.IsSelected</visible>
				<control type="label">
					<left>100</left>
					<right>250</right>
					<height>120</height>
					<font>Reg24</font>
					<label>$PARAM[mainlabel][CR]$PARAM[sublabel]</label>
				</control>
				<control type="label">
					<right>0</right>
					<width>300</width>
					<height>120</height>
					<align>right</align>
					<font>reg24</font>
					<label>$PARAM[rightlabel][CR]$PARAM[rightlabel2]</label>
				</control>
			</control>
		</definition>
	</include>
	<!-- Big list -->
	<include name="BigListLayout">
		<param name="mainlabel">$VAR[EpisodeListLabel]</param>
		<param name="sublabel">$VAR[DurationMinutes,,   ]$VAR[ListItemEndTime,$LOCALIZE[31037] ]</param>
		<param name="thumblabel">$VAR[EpisodeListLabel]</param>
		<param name="focused">false</param>
		<param name="visible">true</param>
		<definition>
			<control type="group">
				<visible>$PARAM[visible]</visible>
				<!-- bg -->
				<control type="group">
					<visible>false</visible>
					<visible>$PARAM[focused] + Control.HasFocus($PARAM[id])</visible>
					<control type="image">
						<top>-37</top>
						<left>-70</left>
						<right>-70</right>
						<height>313</height>
						<texture border="0,10,0,10">items/list_shadow.png</texture>
						<aspectratio>stretch</aspectratio>
					</control>
					<control type="image">
						<top>-35</top>
						<left>-70</left>
						<right>-70</right>
						<height>309</height>
						<texture colordiffuse="list_hover">common/white.jpg</texture>
						<aspectratio>stretch</aspectratio>
					</control>
				</control>
				<!-- art -->
				<control type="group">
					<width>448</width>
					<height>263</height>
					<include content="Animation_FocusBounce">
						<param name="id" value="$PARAM[id]"/>
					</include>
					<control type="image">
						<top>-2</top>
						<left>-2</left>
						<width>430</width>
						<height>245</height>
						<texture border="20,20,20,20">items/shadow.png</texture>
					</control>
					<control type="image">
						<left>-12</left>
						<top>-7</top>
						<width>448</width>
						<height>263</height>
						<texture border="20,20,20,20" colordiffuse="$VAR[AccentColor]">items/focus.png</texture>
						<aspectratio>stretch</aspectratio>
						<visible>$PARAM[focused] + Control.HasFocus($PARAM[id])</visible>
						<include condition="$PARAM[focused]">Animation_FocusTextureFade</include>
					</control>
					<control type="image">
						<width>424</width>
						<height>239</height>
						<texture colordiffuse="$VAR[ThumbFallbackColor]">common/white.jpg</texture>
						<aspectratio scalediffuse="false">stretch</aspectratio>
						<visible>String.IsEmpty(ListItem.Icon) | String.StartsWith(ListItem.Icon,Default)</visible>
					</control>
					<control type="image">
						<width>424</width>
						<height>239</height>
						<texture colordiffuse="$VAR[ThumbBackgroundColor]">common/white.jpg</texture>
						<aspectratio scalediffuse="false">stretch</aspectratio>
						<visible>!String.IsEmpty(ListItem.Icon) + !String.StartsWith(ListItem.Icon,Default)</visible>
					</control>
					<control type="textbox">
						<top>10</top>
						<left>10</left>
						<width>404</width>
						<height>219</height>
						<font>Light24</font>
						<textcolor>white</textcolor>
						<align>center</align>
						<aligny>center</aligny>
						<label>$PARAM[thumblabel]</label>
						<visible>String.IsEmpty(ListItem.Icon) | String.StartsWith(ListItem.Icon,Default)</visible>
					</control>
					<control type="image">
						<width>424</width>
						<height>239</height>
						<texture background="true">$VAR[IconLandscape]</texture>
						<aspectratio scalediffuse="false">keep</aspectratio>
						<visible>
							[
							![String.StartsWith(ListItem.Path,pvr://) + String.IsEmpty(ListItem.EpgEventIcon) + [String.Contains(ListItem.Icon,imagecache) | !String.Contains(ListItem.Icon,.jpg)]]
							+ ![String.StartsWith(ListItem.Path,pvr://) + Skin.HasSetting(UseChannelLogo)]
							]
							+ !String.StartsWith(ListItem.Icon,Default)
							+ !String.StartsWith(ListItem.Art(thumb),image://picturefolder)
							+ !String.EndsWith(ListItem.Art(thumb),folder.jpg)
						</visible>
					</control>
					<control type="image">
						<width>424</width>
						<height>239</height>
						<texture background="true">$INFO[ListItem.Icon]</texture>
						<aspectratio scalediffuse="false">keep</aspectratio>
						<bordersize>20</bordersize>
						<visible>
							[
							[String.StartsWith(ListItem.Path,pvr://) + String.IsEmpty(ListItem.EpgEventIcon) + [String.Contains(ListItem.Icon,imagecache) | !String.Contains(ListItem.Icon,.jpg)]]
							| [String.StartsWith(ListItem.Path,pvr://) + Skin.HasSetting(UseChannelLogo)]
							]
							+ !String.StartsWith(ListItem.Art(thumb),image://picturefolder)
							+ !String.EndsWith(ListItem.Art(thumb),folder.jpg)
							+ !String.StartsWith(ListItem.Icon,Default)
						</visible>
					</control>
					<control type="group">
						<width>424</width>
						<height>239</height>
						<include content="listitem_action_overlay">
							<param name="focused" value="$PARAM[focused]"/>
							<param name="id" value="$PARAM[id]"/>
							<param name="visible_icon" value="$PARAM[visible_icon]"/>
						</include>
						<include>listitem_overlay</include>
					</control>
					<include content="progress">
						<param name="top" value="235"/>
						<param name="width" value="424"/>
					</include>
				</control>
				<!-- meta -->
				<control type="group">
					<visible>!ListItem.IsParentFolder</visible>
					<left>450</left>
					<control type="label">
						<top>4</top>
						<height>50</height>
						<label>$PARAM[mainlabel]</label>
						<font>Reg32</font>
						<aligny>top</aligny>
					</control>
					<control type="label">
						<animation effect="slide" end="0,1" time="0" condition="true">Conditional</animation>
						<label></label>
						<font>Material28</font>
						<textcolor>red</textcolor>
						<top>50</top>
						<right>55</right>
						<height>50</height>
						<font>Reg24</font>
						<aligny>top</aligny>
						<selectedcolor>red</selectedcolor>
						<visible>!String.IsEmpty(ListItem.Rating)</visible>
					</control>
					<control type="label">
						<left>30</left>
						<top>50</top>
						<height>50</height>
						<label>$INFO[ListItem.Rating]</label>
						<font>Reg24</font>
						<aligny>top</aligny>
						<selectedcolor>text_white</selectedcolor>
						<visible>!String.IsEmpty(ListItem.Rating)</visible>
					</control>
					<control type="label">
						<animation effect="slide" end="80,0" time="0" condition="!String.IsEmpty(ListItem.Rating) + !String.IsEqual(ListItem.Rating,10.0)">Conditional</animation>
						<animation effect="slide" end="95,0" time="0" condition="!String.IsEmpty(ListItem.Rating) + String.IsEqual(ListItem.Rating,10.0)">Conditional</animation>
						<top>50</top>
						<height>50</height>
						<label>$PARAM[sublabel]</label>
						<font>Reg24</font>
						<selectedcolor>text_white</selectedcolor>
						<aligny>top</aligny>
					</control>
					<control type="textbox">
						<top>100</top>
						<width>100%</width>
						<height max="130">auto</height>
						<align>justify</align>
						<aligny>top</aligny>
						<label fallback="19055">$INFO[ListItem.EpisodeName,, - ]$INFO[ListItem.Plot]</label>
						<font>Light24</font>
						<autoscroll>false</autoscroll>
					</control>
				</control>
			</control>
		</definition>
	</include>
	<!-- Square Favourites -->
	<include name="SquareFavourits">
		<param name="mainlabel">$VAR[MainListLabel]</param>
		<param name="sublabel">$VAR[SubListLabel]</param>
		<param name="thumblabel">$VAR[MainListLabel]</param>
		<param name="focused">false</param>
		<param name="visible">true</param>
		<definition>
			<control type="group">
				<visible>$PARAM[visible]</visible>
				<include content="widget_labels">
					<param name="top">292</param>
					<param name="width">280</param>
					<param name="id">$PARAM[id]</param>
					<param name="mainlabel">$PARAM[mainlabel]</param>
					<param name="sublabel">$PARAM[sublabel]</param>
					<param name="focused">$PARAM[focused]</param>
					<param name="labels_visible">$PARAM[labels_visible]</param>
				</include>
				<control type="group">
					<include content="Animation_FocusBounce">
						<param name="id" value="$PARAM[id]"/>
					</include>
					<height>280</height>
					<control type="image">
						<top>-2</top>
						<left>-2</left>
						<width>286</width>
						<height>286</height>
						<texture border="20,20,20,20">items/shadow.png</texture>
					</control>
					<control type="image">
						<left>-12</left>
						<top>-7</top>
						<width>304</width>
						<height>304</height>
						<texture border="20,20,20,20" colordiffuse="$VAR[AccentColor]">items/focus.png</texture>
						<aspectratio>stretch</aspectratio>
						<visible>$PARAM[focused] + Control.HasFocus($PARAM[id])</visible>
						<include condition="$PARAM[focused]">Animation_FocusTextureFade</include>
					</control>
					<control type="image">
						<width>280</width>
						<height>280</height>
						<texture colordiffuse="$VAR[ThumbFallbackColor]">common/white.jpg</texture>
						<aspectratio scalediffuse="false">stretch</aspectratio>
						<visible>String.IsEmpty(ListItem.Icon) | String.StartsWith(ListItem.Icon,Default)</visible>
					</control>
					<control type="image">
						<width>280</width>
						<height>280</height>
						<texture colordiffuse="$VAR[ThumbBackgroundColor]">common/white.jpg</texture>
						<aspectratio scalediffuse="false">stretch</aspectratio>
						<visible>!String.IsEmpty(ListItem.Icon) + !String.StartsWith(ListItem.Icon,Default)</visible>
					</control>
					<control type="textbox">
						<top>10</top>
						<left>10</left>
						<width>260</width>
						<height>260</height>
						<font>Light24</font>
						<textcolor>white</textcolor>
						<align>center</align>
						<aligny>center</aligny>
						<label>$PARAM[thumblabel]</label>
						<visible>String.IsEmpty(ListItem.Icon) | String.StartsWith(ListItem.Icon,Default)</visible>
					</control>
					<control type="image">
						<width>280</width>
						<height>280</height>
						<texture background="true">$INFO[ListItem.Icon]</texture>
						<aspectratio scalediffuse="true">keep</aspectratio>
						<bordersize>20</bordersize>
						<visible>!String.StartsWith(ListItem.Icon,Default)</visible>
					</control>
					<control type="group">
						<width>280</width>
						<height>280</height>
						<include content="listitem_action_overlay">
							<param name="focused" value="$PARAM[focused]"/>
							<param name="id" value="$PARAM[id]"/>
							<param name="visible_icon" value="$PARAM[visible_icon]"/>
						</include>
					</control>
				</control>
			</control>
		</definition>
	</include>

	<!-- PVR OSD -->
	<include name="PVROSDLayout">
		<param name="focused">false</param>
		<definition>
			<control type="group">
				<left>25</left>
				<right>25</right>
				<control type="label">
					<top>20</top>
					<left>100</left>
					<width>990</width>
					<height>31</height>
					<font>Reg24</font>
					<label>$PARAM[mainlabel]</label>
				</control>
				<control type="label">
					<left>100</left>
					<top>51</top>
					<width>990</width>
					<height>31</height>
					<font>reg24</font>
					<textcolor>lightgrey</textcolor>
					<label>$PARAM[sublabel]</label>
				</control>
				<control type="label">
					<top>20</top>
					<right>0</right>
					<width>400</width>
					<height>31</height>
					<align>right</align>
					<font>reg24</font>
					<label>$PARAM[rightlabel]</label>
				</control>
				<control type="label">
					<top>51</top>
					<right>0</right>
					<width>400</width>
					<height>31</height>
					<align>right</align>
					<font>reg24</font>
					<textcolor>lightgrey</textcolor>
					<label>$PARAM[rightlabel2]</label>
				</control>
				<control type="group">
					<include content="Animation_FocusBounce">
						<param name="id" value="$PARAM[id]"/>
					</include>
					<height>110</height>
					<control type="image">
						<top>-5</top>
						<left>-25</left>
						<right>-25</right>
						<height>1</height>
						<texture colordiffuse="list_hover">common/white.jpg</texture>
						<aspectratio>stretch</aspectratio>
						<visible>!$PARAM[focused]</visible>
					</control>
					<control type="image">
						<left>-25</left>
						<right>-25</right>
						<top>-5</top>
						<height>110</height>
						<texture colordiffuse="list_hover">common/white.jpg</texture>
						<aspectratio>stretch</aspectratio>
						<visible>$PARAM[focused]</visible>
					</control>
					<control type="image">
						<top>15</top>
						<width>67</width>
						<height>67</height>
						<texture background="true">$INFO[ListItem.Icon]</texture>
						<aspectratio scalediffuse="false">keep</aspectratio>
					</control>
				</control>
			</control>
		</definition>
	</include>
</includes>
