<?xml version="1.0" encoding="UTF-8"?>
<window id="1120">
	<menucontrol>6666</menucontrol>
	<backgroundcolor>background</backgroundcolor>
	<onload>AlarmClock(jumptobeginning,SetFocus(10,8),00:01,silent)</onload>
	<include content="PropertyIncludes">
		<param name="ShowHeader" value="true"/>
	</include>
	<controls>
		<!-- background -->
		<include>Background</include>
		<!-- hub -->
		<control type="grouplist" id="10">
			<include>Window_OpenClose</include>
			<defaultcontrol>10000</defaultcontrol>
			<width>100%</width>
			<height>100%</height>
			<itemgap>-80</itemgap>
			<orientation>vertical</orientation>
			<usecontrolcoords>true</usecontrolcoords>
			<include>ScrollTime</include>
			<pagecontrol>17</pagecontrol>
			<include content="WidgetSpacer">
				<param name="id" value="101"/>
			</include>
			<control type="group">
				<width>1920</width>
				<height>239</height>
				<control type="group">
					<include content="widget_headline">
						<param name="headline">$LOCALIZE[31154]</param>
					</include>
					<control type="grouplist" id="100">
						<top>90</top>
						<left>69</left>
						<height>60</height>
						<orientation>horizontal</orientation>
						<itemgap>5</itemgap>
						<onright>noop</onright>
						<onleft>900</onleft>
						<onup>6666</onup>
						<ondown>200</ondown>
						<control type="button" id="8">
							<height>60</height>
							<label>$LOCALIZE[5]</label>
							<onup>6666</onup>
							<ondown>200</ondown>
						</control>
					</control>
				</control>
			</control>
			<include content="WideWidget">
				<param name="id" value="200"/>
				<param name="onup" value="100"/>
				<param name="ondown" value="201"/>
				<param name="headline" value="$LOCALIZE[11]"/>
				<param name="use_custom_content" value="false"/>
			</include>
			<include content="WideWidget">
				<param name="id" value="201"/>
				<param name="onup" value="200"/>
				<param name="ondown" value="202"/>
				<param name="headline" value="$LOCALIZE[12]"/>
				<param name="use_custom_content" value="false"/>
			</include>
			<include content="WideWidget">
				<param name="id" value="202"/>
				<param name="onup" value="201"/>
				<param name="ondown" value="203"/>
				<param name="headline" value="$LOCALIZE[13]"/>
				<param name="use_custom_content" value="false"/>
			</include>
			<include content="WideWidget">
				<param name="id" value="203"/>
				<param name="onup" value="202"/>
				<param name="ondown" value="204"/>
				<param name="headline" value="$LOCALIZE[14]"/>
				<param name="use_custom_content" value="false"/>
			</include>
			<include content="WideWidget">
				<param name="id" value="204"/>
				<param name="onup" value="203"/>
				<param name="ondown" value="205"/>
				<param name="headline" value="$LOCALIZE[15]"/>
				<param name="use_custom_content" value="false"/>
			</include>
			<include content="WideWidget">
				<param name="id" value="205"/>
				<param name="onup" value="204"/>
				<param name="ondown" value="206"/>
				<param name="headline" value="$LOCALIZE[16]"/>
				<param name="use_custom_content" value="false"/>
			</include>
			<include content="WideWidget">
				<param name="id" value="206"/>
				<param name="onup" value="205"/>
				<param name="ondown" value="noop"/>
				<param name="headline" value="$LOCALIZE[17]"/>
				<param name="use_custom_content" value="false"/>
			</include>
		</control>
		<!-- header bar -->
		<include content="HeaderBar">
			<param name="id">10</param>
		</include>
		<!-- side panel -->
		<include content="SidePanel"/>
	</controls>
</window>
