<?xml version="1.0" encoding="UTF-8"?>
<window>
	<defaultcontrol always="true">100</defaultcontrol>
	<menucontrol>6666</menucontrol>
	<backgroundcolor>background</backgroundcolor>
	<include>PropertyIncludes</include>
	<controls>
		<include>Background</include>
		<control type="group" id="50">
			<!-- left -->
			<control type="group">
				<include>Window_OpenClose</include>
				<include content="ContentPanel"/>
				<control type="group">
					<top>112</top>
					<control type="grouplist" id="100">
						<left>0</left>
						<top>0</top>
						<bottom>130</bottom>
						<width>400</width>
						<usecontrolcoords>true</usecontrolcoords>
						<onleft>900</onleft>
						<onup>6666</onup>
						<ondown>noop</ondown>
						<include content="SideHeadline">
							<param name="nr">1</param>
							<param name="label">$LOCALIZE[31249]</param>
						</include>
						<control type="button" id="101">
							<width>400</width>
							<height>50</height>
							<align>left</align>
							<aligny>center</aligny>
							<font>Reg22</font>
							<textoffsetx>50</textoffsetx>
							<textcolor>panel_textcolor</textcolor>
							<focusedcolor>panel_textcolor</focusedcolor>
							<selectedcolor>panel_textcolor</selectedcolor>
							<texturefocus colordiffuse="panel_focus">common/white.jpg</texturefocus>
							<include>NoTextures</include>
							<label>$LOCALIZE[31247]</label>
							<onright>1000</onright>
						</control>
						<control type="button" id="102">
							<width>400</width>
							<height>50</height>
							<align>left</align>
							<aligny>center</aligny>
							<font>Reg22</font>
							<textoffsetx>50</textoffsetx>
							<textcolor>panel_textcolor</textcolor>
							<focusedcolor>panel_textcolor</focusedcolor>
							<selectedcolor>panel_textcolor</selectedcolor>
							<texturefocus colordiffuse="panel_focus">common/white.jpg</texturefocus>
							<include>NoTextures</include>
							<label>$LOCALIZE[31125]</label>
							<onright>1100</onright>
						</control>
						<include content="SideHeadline">
							<param name="nr">2</param>
							<param name="label">$LOCALIZE[128]</param>
						</include>
						<control type="button" id="103">
							<width>400</width>
							<height>50</height>
							<align>left</align>
							<aligny>center</aligny>
							<font>Reg22</font>
							<textoffsetx>50</textoffsetx>
							<textcolor>panel_textcolor</textcolor>
							<focusedcolor>panel_textcolor</focusedcolor>
							<selectedcolor>panel_textcolor</selectedcolor>
							<texturefocus colordiffuse="panel_focus">common/white.jpg</texturefocus>
							<include>NoTextures</include>
							<label>$LOCALIZE[480]</label>
							<onright>1200</onright>
						</control>
						<control type="button" id="104">
							<width>400</width>
							<height>50</height>
							<align>left</align>
							<aligny>center</aligny>
							<font>Reg22</font>
							<textoffsetx>50</textoffsetx>
							<textcolor>panel_textcolor</textcolor>
							<focusedcolor>panel_textcolor</focusedcolor>
							<selectedcolor>panel_textcolor</selectedcolor>
							<texturefocus colordiffuse="panel_focus">common/white.jpg</texturefocus>
							<include>NoTextures</include>
							<label>$LOCALIZE[31330]</label>
							<onright>1300</onright>
						</control>
						<control type="button" id="105">
							<width>400</width>
							<height>50</height>
							<align>left</align>
							<aligny>center</aligny>
							<font>Reg22</font>
							<textoffsetx>50</textoffsetx>
							<textcolor>panel_textcolor</textcolor>
							<focusedcolor>panel_textcolor</focusedcolor>
							<selectedcolor>panel_textcolor</selectedcolor>
							<texturefocus colordiffuse="panel_focus">common/white.jpg</texturefocus>
							<include>NoTextures</include>
							<label>$LOCALIZE[31134]</label>
							<onright>1400</onright>
						</control>
						<control type="button" id="106">
							<width>400</width>
							<height>50</height>
							<align>left</align>
							<aligny>center</aligny>
							<font>Reg22</font>
							<textoffsetx>50</textoffsetx>
							<textcolor>panel_textcolor</textcolor>
							<focusedcolor>panel_textcolor</focusedcolor>
							<selectedcolor>panel_textcolor</selectedcolor>
							<texturefocus colordiffuse="panel_focus">common/white.jpg</texturefocus>
							<include>NoTextures</include>
							<label>$LOCALIZE[31224]</label>
							<onright>1500</onright>
						</control>
						<include content="SideHeadline">
							<param name="nr">3</param>
							<param name="label">$LOCALIZE[29921]</param>
						</include>
						<control type="button" id="107">
							<width>400</width>
							<height>50</height>
							<align>left</align>
							<aligny>center</aligny>
							<font>Reg22</font>
							<textoffsetx>50</textoffsetx>
							<textcolor>panel_textcolor</textcolor>
							<focusedcolor>panel_textcolor</focusedcolor>
							<selectedcolor>panel_textcolor</selectedcolor>
							<texturefocus colordiffuse="panel_focus">common/white.jpg</texturefocus>
							<include>NoTextures</include>
							<label>$LOCALIZE[31276]</label>
							<onright>1600</onright>
						</control>
						<control type="button" id="108">
							<width>400</width>
							<height>50</height>
							<align>left</align>
							<aligny>center</aligny>
							<font>Reg22</font>
							<textoffsetx>50</textoffsetx>
							<textcolor>panel_textcolor</textcolor>
							<focusedcolor>panel_textcolor</focusedcolor>
							<selectedcolor>panel_textcolor</selectedcolor>
							<texturefocus colordiffuse="panel_focus">common/white.jpg</texturefocus>
							<include>NoTextures</include>
							<label>$LOCALIZE[31298]</label>
							<onright>noop</onright>
						</control>
					</control>
				</control>
			</control>
			<!-- right  -->
			<control type="group">
				<include>Window_OpenClose</include>
				<top>122</top>
				<bottom>122</bottom>
				<control type="group">
					<left>400</left>
					<right>0</right>
					<bottom>0</bottom>
					<control type="image">
						<top>-1</top>
						<height>1</height>
						<texture colordiffuse="grid_border">common/white.jpg</texture>
						<aspectratio>stretch</aspectratio>
					</control>
					<control type="image">
						<bottom>-1</bottom>
						<height>1</height>
						<texture colordiffuse="grid_border">common/white.jpg</texture>
						<aspectratio>stretch</aspectratio>
					</control>
				</control>
				<control type="textbox">
					<bottom>-96</bottom>
					<left>500</left>
					<right>100</right>
					<height>76</height>
					<font>reg22</font>
					<label>$VAR[SettingHelpText]</label>
				</control>
				<!-- menus widgets -->
				<control type="grouplist" id="1000">
					<visible>ControlGroup(100).HasFocus(101)</visible>
					<include>SettingsGrouplist</include>
					<include content="SkinSettingsMenuWidgets">
						<param name="id" value="10"/>
					</include>
					<control type="label">
						<height>50</height>
					</control>
				</control>
				<!-- Widgets -->
				<control type="grouplist" id="1100">
					<visible>ControlGroup(100).HasFocus(102)</visible>
					<include>SettingsGrouplist</include>
					<include content="SkinSettingsCustomWidgets">
						<param name="id" value="11"/>
					</include>
					<control type="label">
						<height>50</height>
					</control>
				</control>
				<!-- appearance -->
				<control type="grouplist" id="1200">
					<visible>ControlGroup(100).HasFocus(103)</visible>
					<include>SettingsGrouplist</include>
					<include content="SkinSettingsAppearance">
						<param name="id" value="12"/>
					</include>
					<control type="label">
						<height>50</height>
					</control>
				</control>
				<!-- playback / media -->
				<control type="grouplist" id="1300">
					<visible>ControlGroup(100).HasFocus(104)</visible>
					<include>SettingsGrouplist</include>
					<include content="SkinSettingsPlaybackMedia">
						<param name="id" value="13"/>
					</include>
					<control type="label">
						<height>50</height>
					</control>
				</control>
				<!-- side panel -->
				<control type="grouplist" id="1400">
					<visible>ControlGroup(100).HasFocus(105)</visible>
					<include>SettingsGrouplist</include>
					<include content="SkinSettingsSidePanel">
						<param name="id" value="14"/>
					</include>
					<control type="label">
						<height>50</height>
					</control>
				</control>
				<!-- Power menu -->
				<control type="grouplist" id="1500">
					<visible>ControlGroup(100).HasFocus(106)</visible>
					<include>SettingsGrouplist</include>
					<include content="SkinSettingsPowerMenu">
						<param name="id" value="15"/>
					</include>
				</control>
				<!-- addons -->
				<control type="grouplist" id="1600">
					<visible>ControlGroup(100).HasFocus(107)</visible>
					<include>SettingsGrouplist</include>
					<include content="SkinSettingsDependencies">
						<param name="id" value="17"/>
					</include>
					<control type="label">
						<height>50</height>
					</control>
				</control>
				<!-- donate -->
				<control type="grouplist" id="1700">
					<visible>ControlGroup(100).HasFocus(108)</visible>
					<include>SettingsGrouplist</include>
					<include content="SkinSettingsHeadlineLabel">
						<param name="id" value="801"/>
						<param name="label" value="$LOCALIZE[31297]"/>
					</include>
					<control type="image">
						<width>720</width>
						<height>720</height>
						<texture>common/donate.jpg</texture>
					</control>
				</control>
			</control>
		</control>
		<!-- scrollbar -->
		<include content="Scrollbar">
			<param name="id" value="60"/>
			<param name="visible" value="true"/>
			<param name="top" value="122"/>
			<param name="bottom" value="122"/>
			<param name="width" value="10"/>
		</include>
		<!-- header bar -->
		<include content="HeaderBar">
			<param name="id">50</param>
			<param name="auto_hide">false</param>
		</include>
		<!-- side panel -->
		<include content="SidePanel">
			<param name="onright">50</param>
		</include>
	</controls>
</window>
