<?xml version="1.0" encoding="utf-8"?>
<window>
	<defaultcontrol></defaultcontrol>
	<onload>SetProperty(showvideoinfo,1,home)</onload>
	<onload>AlarmClock(PreloadTimeout,ClearProperty(showvideoinfo,home),00:02,silent)</onload>
	<include>PropertyIncludes</include>
	<controls>
		<!-- Busy spinner -->
		<control type="group" id="99">
			<visible>Player.Caching</visible>
			<include content="FullscreenBusySpinner">
				<param name="colordiffuse" value="white"/>
			</include>
		</control>
		<!-- OSD -->
		<control type="group" id="99">
			<visible>[Window.IsVisible(videoosd) | Window.IsVisible(seekbar) | Player.Paused | Player.ShowTime | [Window.IsVisible(volumebar) + !Player.Muted] | !String.IsEmpty(Window(home).Property(showvideoinfo))] + !Window.IsVisible(sliderdialog)</visible>
			<animation effect="fade" start="0" end="100" time="0">Visible</animation>
			<animation effect="fade" start="100" end="0" time="400" delay="2000">Hidden</animation>
			<animation effect="fade" start="100" end="0" time="0" delay="0" condition="Window.IsVisible(pvrosdchannels) | Window.IsVisible(Teletext) | Window.IsVisible(sliderdialog) | Window.IsVisible(shutdownmenu) | Window.IsVisible(videobookmarks) | !String.IsEmpty(Window(home).Property(service.upnext.dialog))">Conditional</animation>
			<!--Top-->
			<include>PlayerTopBar</include>
			<!--Bottom-->
			<control type="group" id="99">
				<!-- mask -->
				<control type="image" id="99">
					<bottom>0</bottom>
					<width>100%</width>
					<height>180</height>
					<texture colordiffuse="black">views/player/mask_bottom.png</texture>
					<visible>!VideoPlayer.Content(livetv) + !String.StartsWith(Player.Filenameandpath,pvr://)</visible>
				</control>
				<control type="image" id="99">
					<bottom>0</bottom>
					<width>100%</width>
					<height>216</height>
					<texture colordiffuse="black">views/player/mask_bottom.png</texture>
					<visible>VideoPlayer.Content(livetv) | String.StartsWith(Player.Filenameandpath,pvr://)</visible>
				</control>
				<!-- Poster -->
				<control type="group" id="99">
					<visible>!String.Contains(Player.Art(thumb),KodiCinemaMode)</visible>
					<visible>[VideoPlayer.Content(movies) | VideoPlayer.Content(episodes)] + !VideoPlayer.Content(musicvideos) + [!String.IsEmpty(Player.Art(poster)) | !String.IsEmpty(Player.Art(tvshow.poster))] + ![VideoPlayer.Content(livetv) | String.StartsWith(Player.Filenameandpath,pvr://)]</visible>
					<control type="image" id="99">
						<bottom>25</bottom>
						<left>27</left>
						<width>256</width>
						<height>381</height>
						<texture border="20,20,20,20">items/shadow.png</texture>
					</control>
					<control type="image" id="99">
						<bottom>29</bottom>
						<left>29</left>
						<width>250</width>
						<height>375</height>
						<texture colordiffuse="$VAR[ThumbBackgroundColor]">common/white.jpg</texture>
						<aspectratio scalediffuse="false">stretch</aspectratio>
					</control>
					<control type="image" id="99">
						<bottom>29</bottom>
						<left>29</left>
						<width>250</width>
						<height>375</height>
						<texture>$VAR[PlayerIcon]</texture>
						<aspectratio scalediffuse="false">stretch</aspectratio>
					</control>
				</control>
				<!-- Square -->
				<control type="group" id="99">
					<visible>!String.Contains(Player.Art(thumb),KodiCinemaMode)</visible>
					<visible>VideoPlayer.Content(livetv) | String.StartsWith(Player.Filenameandpath,pvr://)</visible>
					<control type="image" id="99">
						<bottom>25</bottom>
						<left>27</left>
						<width>256</width>
						<height>256</height>
						<texture border="20,20,20,20">items/shadow.png</texture>
					</control>
					<control type="image" id="99">
						<bottom>29</bottom>
						<left>29</left>
						<width>250</width>
						<height>250</height>
						<texture colordiffuse="$VAR[ThumbFallbackColor]">common/white.jpg</texture>
						<aspectratio scalediffuse="false">stretch</aspectratio>
						<visible>String.IsEmpty(VideoPlayer.Cover) | String.StartsWith(VideoPlayer.Cover,Default)</visible>
					</control>
					<control type="textbox" id="99">
						<bottom>39</bottom>
						<left>39</left>
						<width>230</width>
						<height>230</height>
						<font>Light24</font>
						<textcolor>white</textcolor>
						<align>center</align>
						<aligny>center</aligny>
						<label>$INFO[VideoPlayer.Channelname]</label>
						<visible>String.IsEmpty(VideoPlayer.Cover) | String.StartsWith(VideoPlayer.Cover,Default)</visible>
					</control>
					<control type="image" id="99">
						<bottom>29</bottom>
						<left>29</left>
						<width>250</width>
						<height>250</height>
						<texture colordiffuse="$VAR[ThumbBackgroundColor]">common/white.jpg</texture>
						<aspectratio scalediffuse="false">stretch</aspectratio>
						<visible>!String.IsEmpty(VideoPlayer.Cover) + !String.StartsWith(VideoPlayer.Cover,Default)</visible>
					</control>
					<control type="image" id="99">
						<bottom>29</bottom>
						<left>29</left>
						<width>250</width>
						<height>250</height>
						<texture>$VAR[PlayerIcon]</texture>
						<bordersize>20</bordersize>
						<aspectratio scalediffuse="false">keep</aspectratio>
						<visible>!String.StartsWith(VideoPlayer.Cover,Default)</visible>
					</control>
				</control>
				<!-- Wide -->
				<control type="group" id="99">
					<visible>!$EXP[EmbyLoading]</visible>
					<visible>![VideoPlayer.Content(movies) | VideoPlayer.Content(episodes) | VideoPlayer.Content(livetv) | String.StartsWith(Player.Filenameandpath,pvr://)] | VideoPlayer.Content(musicvideos) | [String.IsEmpty(Player.Art(poster)) + String.IsEmpty(Player.Art(tvshow.poster)) + !VideoPlayer.Content(livetv) + !String.StartsWith(Player.Filenameandpath,pvr://)] | String.Contains(Player.Art(thumb),KodiCinemaMode)</visible>
					<control type="image" id="99">
						<bottom>25</bottom>
						<left>27</left>
						<width>256</width>
						<height>147</height>
						<texture border="20,20,20,20">items/shadow.png</texture>
					</control>
					<control type="image" id="99">
						<bottom>29</bottom>
						<left>29</left>
						<width>250</width>
						<height>141</height>
						<texture colordiffuse="$VAR[ThumbFallbackColor]">common/white.jpg</texture>
						<aspectratio scalediffuse="false">stretch</aspectratio>
						<visible>[String.IsEmpty(Player.Art(thumb)) | String.StartsWith(Player.Art(thumb),Default)]</visible>
					</control>
					<control type="textbox" id="99">
						<bottom>39</bottom>
						<left>39</left>
						<width>230</width>
						<height>121</height>
						<font>Material50</font>
						<textcolor>white</textcolor>
						<align>center</align>
						<aligny>center</aligny>
						<label></label>
						<visible>[String.IsEmpty(Player.Art(thumb)) | String.StartsWith(Player.Art(thumb),Default)]</visible>
					</control>
					<control type="image" id="99">
						<bottom>29</bottom>
						<left>29</left>
						<width>250</width>
						<height>141</height>
						<texture colordiffuse="ff010202">common/white.jpg</texture>
						<aspectratio scalediffuse="false">stretch</aspectratio>
						<visible>!String.IsEmpty(Player.Art(thumb)) + !String.StartsWith(Player.Art(thumb),Default)</visible>
					</control>
					<control type="group" id="99">
						<visible>!String.IsEmpty(Player.Art(thumb)) + !String.StartsWith(Player.Art(thumb),Default)</visible>
						<control type="image" id="99">
							<bottom>29</bottom>
							<left>29</left>
							<width>250</width>
							<height>141</height>
							<texture>$VAR[WidePlayerIcon]</texture>
							<aspectratio scalediffuse="false">scale</aspectratio>
							<visible>String.Contains(Player.Art(thumb),i.ytimg.com)</visible>
						</control>
						<control type="image" id="99">
							<bottom>29</bottom>
							<left>29</left>
							<width>250</width>
							<height>141</height>
							<texture>$VAR[WidePlayerIcon]</texture>
							<aspectratio scalediffuse="false">keep</aspectratio>
							<visible>!String.Contains(Player.Art(thumb),i.ytimg.com)</visible>
						</control>
					</control>
				</control>
				<!-- Emby loading -->
				<control type="image" id="99">
					<top>29</top>
					<left>29</left>
					<width>60</width>
					<height>60</height>
					<texture>special://skin/extras/spinner.apng</texture>
					<aspectratio scalediffuse="false">keep</aspectratio>
					<visible>$EXP[EmbyLoading]</visible>
				</control>
				<!-- Progress bars -->
				<control type="group" id="99">
					<!-- Cache bar -->
					<control type="progress" id="99">
						<include>PlayerProgressDimension</include>
						<info>Player.ProgressCache</info>
						<texturebg colordiffuse="grey">common/white.jpg</texturebg>
						<midtexture colordiffuse="white">common/white.jpg</midtexture>
						<visible>!$EXP[EmbyLoading]</visible>
					</control>
					<!-- Video progress bar -->
					<control type="progress" id="99">
						<include>PlayerProgressDimension</include>
						<info>Player.Progress</info>
						<texturebg colordiffuse="00ffffff">common/white.jpg</texturebg>
						<midtexture colordiffuse="$VAR[PlayerAccentColor]">common/white.jpg</midtexture>
						<visible>!$EXP[EmbyLoading]</visible>
						<visible>!VideoPlayer.Content(livetv)</visible>
					</control>
					<!-- LiveTV + timeshift progress bar -->
					<control type="progress" id="99">
						<include>PlayerProgressDimension</include>
						<info>Player.Progress</info>
						<texturebg colordiffuse="00ffffff">common/white.jpg</texturebg>
						<midtexture colordiffuse="text_white">common/white.jpg</midtexture>
						<visible>VideoPlayer.Content(livetv)</visible>
					</control>
					<control type="progress" id="99">
						<include>PlayerProgressDimension</include>
						<info>PVR.Progress</info>
						<texturebg colordiffuse="00ffffff">common/white.jpg</texturebg>
						<midtexture colordiffuse="$VAR[PlayerAccentColor]">common/white.jpg</midtexture>
						<visible>VideoPlayer.Content(livetv)</visible>
					</control>
				</control>
				<!-- Label section -->
				<control type="grouplist" id="99">
					<visible>!$EXP[EmbyLoading]</visible>
					<animation effect="slide" time="0" start="0,0" end="0,-36" condition="VideoPlayer.Content(livetv) | String.StartsWith(Player.Filenameandpath,pvr://)">Conditional</animation>
					<orientation>horizontal</orientation>
					<height>31</height>
					<bottom>125</bottom>
					<left>309</left>
					<right>30</right>
					<itemgap>0</itemgap>
					<control type="label" id="99">
						<width>auto</width>
						<height>30</height>
						<aligny>center</aligny>
						<font>med24</font>
						<textcolor>white</textcolor>
						<label>$VAR[PlayerFullLabel]   </label>
					</control>
					<control type="label" id="99">
						<width>auto</width>
						<height>30</height>
						<aligny>center</aligny>
						<label>$INFO[VideoPlayer.Year]   </label>
						<font>reg24</font>
						<textcolor>white</textcolor>
						<visible>!String.IsEmpty(VideoPlayer.Year) + !VideoPlayer.Content(livetv)</visible>
						<visible>!String.Contains(Player.Art(thumb),KodiCinemaMode)</visible>
					</control>
					<control type="button" id="99">
						<animation effect="slide" end="0,3" time="0" condition="true">Conditional</animation>
						<width min="24">auto</width>
						<height>28</height>
						<font>med16</font>
						<label>$INFO[VideoPlayer.Mpaa]</label>
						<textoffsetx>10</textoffsetx>
						<align>center</align>
						<textcolor>white</textcolor>
						<disabledcolor>white</disabledcolor>
						<texturefocus border="10" colordiffuse="white">icons/rating/mpaa.png</texturefocus>
						<texturenofocus border="10" colordiffuse="white">icons/rating/mpaa.png</texturenofocus>
						<enable>false</enable>
						<visible>!String.IsEmpty(VideoPlayer.Mpaa)</visible>
						<visible>!String.Contains(Player.Art(thumb),KodiCinemaMode)</visible>
					</control>
					<control type="label" id="99">
						<width>20</width>
						<height>24</height>
						<label/>
						<visible>!String.IsEmpty(VideoPlayer.Mpaa)</visible>
						<visible>!String.Contains(Player.Art(thumb),KodiCinemaMode)</visible>
					</control>
					<control type="label" id="99">
						<animation effect="slide" end="-4,2" time="0" condition="true">Conditional</animation>
						<width>auto</width>
						<height>30</height>
						<aligny>center</aligny>
						<label></label>
						<font>Material26</font>
						<textcolor>red</textcolor>
						<visible>!String.IsEmpty(VideoPlayer.Rating)</visible>
						<visible>!String.Contains(Player.Art(thumb),KodiCinemaMode)</visible>
					</control>
					<control type="label" id="99">
						<width>auto</width>
						<height>30</height>
						<aligny>center</aligny>
						<label>$INFO[VideoPlayer.Rating]   </label>
						<font>reg24</font>
						<textcolor>white</textcolor>
						<visible>!String.IsEmpty(VideoPlayer.Rating)</visible>
						<visible>!String.Contains(Player.Art(thumb),KodiCinemaMode)</visible>
					</control>
					<control type="image" id="99">
						<animation effect="slide" end="-4,7" time="0" condition="true">Conditional</animation>
						<width>24</width>
						<height>20</height>
						<texture>icons/rating/rotten_fresh.png</texture>
						<aspectratio>keep</aspectratio>
						<visible>!String.IsEmpty(VideoPlayer.UserRating) + Integer.IsGreater(VideoPlayer.UserRating,59) + [System.HasAddon(plugin.video.emby) | String.Contains(Player.Filenameandpath,/emby/)]</visible>
						<visible>!String.Contains(Player.Art(thumb),KodiCinemaMode)</visible>
					</control>
					<control type="image" id="99">
						<animation effect="slide" end="-4,7" time="0" condition="true">Conditional</animation>
						<width>24</width>
						<height>20</height>
						<texture>icons/rating/rotten_rotten.png</texture>
						<aspectratio>keep</aspectratio>
						<visible>!String.IsEmpty(VideoPlayer.UserRating) + !Integer.IsGreater(VideoPlayer.UserRating,59) + [System.HasAddon(plugin.video.emby) | String.Contains(Player.Filenameandpath,/emby/)]</visible>
						<visible>!String.Contains(Player.Art(thumb),KodiCinemaMode)</visible>
					</control>
					<control type="label" id="99">
						<width>auto</width>
						<height>30</height>
						<aligny>center</aligny>
						<label>$INFO[VideoPlayer.UserRating]   </label>
						<font>reg24</font>
						<textcolor>white</textcolor>
						<visible>!String.IsEmpty(VideoPlayer.UserRating) + [System.HasAddon(plugin.video.emby) | String.Contains(Player.Filenameandpath,/emby/)]</visible>
						<visible>!String.Contains(Player.Art(thumb),KodiCinemaMode)</visible>
					</control>
				</control>
				<!-- PVR EpisodeNamei -->
				<control type="grouplist" id="99">
					<visible>VideoPlayer.Content(livetv) | String.StartsWith(Player.Filenameandpath,pvr://)</visible>
					<orientation>horizontal</orientation>
					<height>31</height>
					<bottom>125</bottom>
					<left>309</left>
					<right>30</right>
					<itemgap>0</itemgap>
					<control type="label" id="99">
						<width>790</width>
						<height>30</height>
						<aligny>center</aligny>
						<font>reg24</font>
						<textcolor>softgrey</textcolor>
						<label>$VAR[PlayerEpisodeName]</label>
						<visible>!String.IsEmpty(VideoPlayer.EpisodeName) | !String.IsEmpty(VideoPlayer.Episode)</visible>
					</control>
					<control type="label" id="99">
						<width>790</width>
						<height>30</height>
						<aligny>center</aligny>
						<font>reg24</font>
						<textcolor>softgrey</textcolor>
						<label fallback="31156">$INFO[VideoPlayer.Genre]</label>
						<visible>String.IsEmpty(VideoPlayer.EpisodeName) + String.IsEmpty(VideoPlayer.Episode)</visible>
					</control>
					<control type="label" id="99">
						<width>790</width>
						<height>30</height>
						<align>right</align>
						<aligny>center</aligny>
						<font>reg24</font>
						<textcolor>softgrey</textcolor>
						<label>$INFO[VideoPlayer.NextTitle,$LOCALIZE[19031]: ]</label>
					</control>
				</control>
				<!-- Bottom label section -->
				<control type="grouplist" id="99">
					<visible>!Window.IsVisible(VideoOSD)</visible>
					<orientation>horizontal</orientation>
					<height>50</height>
					<bottom>30</bottom>
					<left>309</left>
					<right>20</right>
					<itemgap>0</itemgap>
					<include>PlayerBottomLabels</include>
				</control>
				<!-- Volume -->
				<include>PlayerOSDVolume</include>
			</control>
		</control>
	</controls>
</window>
