<?xml version="1.0" encoding="UTF-8" standalone="yes"?>
<addon id="screensaver.fTVscreensaver" name="fTV Screensaver" version="1.0.0" provider-name="sualfred">
    <requires>
        <import addon="xbmc.python" version="2.26.0"/>
        <import addon="script.module.kodi-six" />
    </requires>
    <extension point="xbmc.ui.screensaver" library="screensaver.py" />
    <extension point="xbmc.addon.metadata">
        <platform>all</platform>
        <license>GPL-2.0-only</license>
        <source>https://github.com/sualfred/screensaver.ftvscreensaver</source>
        <forum>https://forum.kodi.tv/showthread.php?tid=255659</forum>
        <summary lang="en_GB">fTV Mosaic Screensaver</summary>
        <summary lang="de_DE">fTV Mosaik Bildschirmschoner</summary>
        <description lang="en_GB">Poster and fanart slideshow based on the fTV style</description>
        <description lang="de_DE">Slideshow von Fanarts/Postern im fTV Style</description>
        <assets>
            <icon>resources/icon.png</icon>
            <fanart>resources/fanart.jpg</fanart>
        </assets>
    </extension>
</addon>
