<?xml version='1.0' encoding='UTF-8'?>
<shortcuts>
	<shortcut>
		<defaultID>embuary_videos</defaultID>
		<label>$LOCALIZE[3]</label>
		<label2/>
		<icon>DefaultVideo.png</icon>
		<thumb/>
		<action>ActivateWindow(Videos,sources://video/,return)</action>
		<visible>!Library.HasContent(movies) + !Library.HasContent(tvshows) + !System.HasAddon(plugin.video.embycon)</visible>
	</shortcut>
	<shortcut>
		<defaultID>embuary_all_movies</defaultID>
		<label>$VAR[MovieHubHeadline]</label>
		<label2/>
		<thumb/>
		<icon>$VAR[MainMenuMovieHubIcon]</icon>
		<action>ActivateWindow(1120,return)</action>
		<visible>[Library.HasContent(movies)
		| [System.HasAddon(plugin.video.embycon) + [
		String.IsEqual(Window(home).Property(plugin.video.embycon-view_item.0.type),movies)
		| String.IsEqual(Window(home).Property(plugin.video.embycon-view_item.1.type),movies)
		| String.IsEqual(Window(home).Property(plugin.video.embycon-view_item.2.type),movies)
		| String.IsEqual(Window(home).Property(plugin.video.embycon-view_item.3.type),movies)
		| String.IsEqual(Window(home).Property(plugin.video.embycon-view_item.4.type),movies)
		| String.IsEqual(Window(home).Property(plugin.video.embycon-view_item.5.type),movies)
		| String.IsEqual(Window(home).Property(plugin.video.embycon-view_item.6.type),movies)
		| String.IsEqual(Window(home).Property(plugin.video.embycon-view_item.7.type),movies)
		| String.IsEqual(Window(home).Property(plugin.video.embycon-view_item.8.type),movies)
		| String.IsEqual(Window(home).Property(plugin.video.embycon-view_item.9.type),movies)
		| String.IsEqual(Window(home).Property(plugin.video.embycon-view_item.10.type),movies)
		| String.IsEqual(Window(home).Property(plugin.video.embycon-view_item.11.type),movies)
		| String.IsEqual(Window(home).Property(plugin.video.embycon-view_item.12.type),movies)
		| String.IsEqual(Window(home).Property(plugin.video.embycon-view_item.13.type),movies)
		| String.IsEqual(Window(home).Property(plugin.video.embycon-view_item.14.type),movies)
		| String.IsEqual(Window(home).Property(plugin.video.embycon-view_item.15.type),movies)
		| String.IsEqual(Window(home).Property(plugin.video.embycon-view_item.16.type),movies)
		| String.IsEqual(Window(home).Property(plugin.video.embycon-view_item.17.type),movies)
		| String.IsEqual(Window(home).Property(plugin.video.embycon-view_item.18.type),movies)
		| String.IsEqual(Window(home).Property(plugin.video.embycon-view_item.19.type),movies)
		| String.IsEqual(Window(home).Property(plugin.video.embycon-view_item.20.type),movies)
		| String.IsEqual(Window(home).Property(plugin.video.embycon-view_item.21.type),movies)
		| String.IsEqual(Window(home).Property(plugin.video.embycon-view_item.22.type),movies)
		| String.IsEqual(Window(home).Property(plugin.video.embycon-view_item.23.type),movies)
		| String.IsEqual(Window(home).Property(plugin.video.embycon-view_item.24.type),movies)
		| String.IsEqual(Window(home).Property(plugin.video.embycon-view_item.25.type),movies)
		| String.IsEqual(Window(home).Property(plugin.video.embycon-view_item.26.type),movies)
		| String.IsEqual(Window(home).Property(plugin.video.embycon-view_item.27.type),movies)
		| String.IsEqual(Window(home).Property(plugin.video.embycon-view_item.28.type),movies)
		| String.IsEqual(Window(home).Property(plugin.video.embycon-view_item.29.type),movies)
		]]]</visible>
	</shortcut>
	<shortcut>
		<defaultID>embuary_collections</defaultID>
		<label>31169</label>
		<label2/>
		<icon>DefaultVideo.png</icon>
		<thumb/>
		<action>ActivateWindow(videos,library://video/movies/sets.xml/,return)</action>
		<visible>Library.HasContent(MovieSets)</visible>
	</shortcut>
	<shortcut>
		<defaultID>embuary_all_shows</defaultID>
		<label>$VAR[TVShowHubHeadline]</label>
		<label2/>
		<icon>$VAR[MainMenuTVShowHubIcon]</icon>
		<thumb/>
		<action>ActivateWindow(1121,return)</action>
		<visible>[Library.HasContent(tvshows)
		| [System.HasAddon(plugin.video.embycon) + [
		String.IsEqual(Window(home).Property(plugin.video.embycon-view_item.0.type),tvshows)
		| String.IsEqual(Window(home).Property(plugin.video.embycon-view_item.1.type),tvshows)
		| String.IsEqual(Window(home).Property(plugin.video.embycon-view_item.2.type),tvshows)
		| String.IsEqual(Window(home).Property(plugin.video.embycon-view_item.3.type),tvshows)
		| String.IsEqual(Window(home).Property(plugin.video.embycon-view_item.4.type),tvshows)
		| String.IsEqual(Window(home).Property(plugin.video.embycon-view_item.5.type),tvshows)
		| String.IsEqual(Window(home).Property(plugin.video.embycon-view_item.6.type),tvshows)
		| String.IsEqual(Window(home).Property(plugin.video.embycon-view_item.7.type),tvshows)
		| String.IsEqual(Window(home).Property(plugin.video.embycon-view_item.8.type),tvshows)
		| String.IsEqual(Window(home).Property(plugin.video.embycon-view_item.9.type),tvshows)
		| String.IsEqual(Window(home).Property(plugin.video.embycon-view_item.10.type),tvshows)
		| String.IsEqual(Window(home).Property(plugin.video.embycon-view_item.11.type),tvshows)
		| String.IsEqual(Window(home).Property(plugin.video.embycon-view_item.12.type),tvshows)
		| String.IsEqual(Window(home).Property(plugin.video.embycon-view_item.13.type),tvshows)
		| String.IsEqual(Window(home).Property(plugin.video.embycon-view_item.14.type),tvshows)
		| String.IsEqual(Window(home).Property(plugin.video.embycon-view_item.15.type),tvshows)
		| String.IsEqual(Window(home).Property(plugin.video.embycon-view_item.16.type),tvshows)
		| String.IsEqual(Window(home).Property(plugin.video.embycon-view_item.17.type),tvshows)
		| String.IsEqual(Window(home).Property(plugin.video.embycon-view_item.18.type),tvshows)
		| String.IsEqual(Window(home).Property(plugin.video.embycon-view_item.19.type),tvshows)
		| String.IsEqual(Window(home).Property(plugin.video.embycon-view_item.20.type),tvshows)
		| String.IsEqual(Window(home).Property(plugin.video.embycon-view_item.21.type),tvshows)
		| String.IsEqual(Window(home).Property(plugin.video.embycon-view_item.22.type),tvshows)
		| String.IsEqual(Window(home).Property(plugin.video.embycon-view_item.23.type),tvshows)
		| String.IsEqual(Window(home).Property(plugin.video.embycon-view_item.24.type),tvshows)
		| String.IsEqual(Window(home).Property(plugin.video.embycon-view_item.25.type),tvshows)
		| String.IsEqual(Window(home).Property(plugin.video.embycon-view_item.26.type),tvshows)
		| String.IsEqual(Window(home).Property(plugin.video.embycon-view_item.27.type),tvshows)
		| String.IsEqual(Window(home).Property(plugin.video.embycon-view_item.28.type),tvshows)
		| String.IsEqual(Window(home).Property(plugin.video.embycon-view_item.29.type),tvshows)
		]]]</visible>
	</shortcut>
	<shortcut>
		<defaultID>embuary_emby0</defaultID>
		<label>$INFO[Window(home).Property(emby.wnodes.0.title)]</label>
		<label2/>
		<icon>$INFO[Window(home).Property(emby.wnodes.0.artwork)]</icon>
		<thumb/>
		<action>emby0</action>
		<visible>[!String.IsEmpty(Window(home).Property(emby.connected)) + !String.IsEmpty(Window(home).Property(emby.wnodes.0.content))]</visible>
	</shortcut>
	<shortcut>
		<defaultID>embuary_emby1</defaultID>
		<label>$INFO[Window(home).Property(emby.wnodes.1.title)]</label>
		<label2/>
		<icon>$INFO[Window(home).Property(emby.wnodes.1.artwork)]</icon>
		<thumb/>
		<action>emby1</action>
		<visible>[!String.IsEmpty(Window(home).Property(emby.connected)) + !String.IsEmpty(Window(home).Property(emby.wnodes.1.content))]</visible>
	</shortcut>
	<shortcut>
		<defaultID>embuary_emby2</defaultID>
		<label>$INFO[Window(home).Property(emby.wnodes.2.title)]</label>
		<label2/>
		<icon>$INFO[Window(home).Property(emby.wnodes.2.artwork)]</icon>
		<thumb/>
		<action>emby2</action>
		<visible>[!String.IsEmpty(Window(home).Property(emby.connected)) + !String.IsEmpty(Window(home).Property(emby.wnodes.2.content))]</visible>
	</shortcut>
	<shortcut>
		<defaultID>embuary_emby3</defaultID>
		<label>$INFO[Window(home).Property(emby.wnodes.3.title)]</label>
		<label2/>
		<icon>$INFO[Window(home).Property(emby.wnodes.3.artwork)]</icon>
		<thumb/>
		<action>emby3</action>
		<visible>[!String.IsEmpty(Window(home).Property(emby.connected)) + !String.IsEmpty(Window(home).Property(emby.wnodes.3.content))]</visible>
	</shortcut>
	<shortcut>
		<defaultID>embuary_emby4</defaultID>
		<label>$INFO[Window(home).Property(emby.wnodes.4.title)]</label>
		<label2/>
		<icon>$INFO[Window(home).Property(emby.wnodes.4.artwork)]</icon>
		<thumb/>
		<action>emby4</action>
		<visible>[!String.IsEmpty(Window(home).Property(emby.connected)) + !String.IsEmpty(Window(home).Property(emby.wnodes.4.content))]</visible>
	</shortcut>
	<shortcut>
		<defaultID>embuary_emby5</defaultID>
		<label>$INFO[Window(home).Property(emby.wnodes.5.title)]</label>
		<label2/>
		<icon>$INFO[Window(home).Property(emby.wnodes.5.artwork)]</icon>
		<thumb/>
		<action>emby5</action>
		<visible>[!String.IsEmpty(Window(home).Property(emby.connected)) + !String.IsEmpty(Window(home).Property(emby.wnodes.5.content))]</visible>
	</shortcut>
	<shortcut>
		<defaultID>embuary_emby6</defaultID>
		<label>$INFO[Window(home).Property(emby.wnodes.6.title)]</label>
		<label2/>
		<icon>$INFO[Window(home).Property(emby.wnodes.6.artwork)]</icon>
		<thumb/>
		<action>emby6</action>
		<visible>[!String.IsEmpty(Window(home).Property(emby.connected)) + !String.IsEmpty(Window(home).Property(emby.wnodes.6.content))]</visible>
	</shortcut>
	<shortcut>
		<defaultID>embuary_emby7</defaultID>
		<label>$INFO[Window(home).Property(emby.wnodes.7.title)]</label>
		<label2/>
		<icon>$INFO[Window(home).Property(emby.wnodes.7.artwork)]</icon>
		<thumb/>
		<action>emby7</action>
		<visible>[!String.IsEmpty(Window(home).Property(emby.connected)) + !String.IsEmpty(Window(home).Property(emby.wnodes.7.content))]</visible>
	</shortcut>
	<shortcut>
		<defaultID>embuary_emby8</defaultID>
		<label>$INFO[Window(home).Property(emby.wnodes.8.title)]</label>
		<label2/>
		<icon>$INFO[Window(home).Property(emby.wnodes.8.artwork)]</icon>
		<thumb/>
		<action>emby8</action>
		<visible>[!String.IsEmpty(Window(home).Property(emby.connected)) + !String.IsEmpty(Window(home).Property(emby.wnodes.8.content))]</visible>
	</shortcut>
	<shortcut>
		<defaultID>embuary_emby9</defaultID>
		<label>$INFO[Window(home).Property(emby.wnodes.9.title)]</label>
		<label2/>
		<icon>$INFO[Window(home).Property(emby.wnodes.9.artwork)]</icon>
		<thumb/>
		<action>emby9</action>
		<visible>[!String.IsEmpty(Window(home).Property(emby.connected)) + !String.IsEmpty(Window(home).Property(emby.wnodes.9.content))]</visible>
	</shortcut>
	<shortcut>
		<defaultID>embuary_emby10</defaultID>
		<label>$INFO[Window(home).Property(emby.wnodes.10.title)]</label>
		<label2/>
		<icon>$INFO[Window(home).Property(emby.wnodes.10.artwork)]</icon>
		<thumb/>
		<action>emby10</action>
		<visible>[!String.IsEmpty(Window(home).Property(emby.connected)) + !String.IsEmpty(Window(home).Property(emby.wnodes.10.content))]</visible>
	</shortcut>
	<shortcut>
		<defaultID>embuary_emby11</defaultID>
		<label>$INFO[Window(home).Property(emby.wnodes.11.title)]</label>
		<label2/>
		<icon>$INFO[Window(home).Property(emby.wnodes.11.artwork)]</icon>
		<thumb/>
		<action>emby11</action>
		<visible>[!String.IsEmpty(Window(home).Property(emby.connected)) + !String.IsEmpty(Window(home).Property(emby.wnodes.11.content))]</visible>
	</shortcut>
	<shortcut>
		<defaultID>embuary_emby12</defaultID>
		<label>$INFO[Window(home).Property(emby.wnodes.12.title)]</label>
		<label2/>
		<icon>$INFO[Window(home).Property(emby.wnodes.12.artwork)]</icon>
		<thumb/>
		<action>emby12</action>
		<visible>[!String.IsEmpty(Window(home).Property(emby.connected)) + !String.IsEmpty(Window(home).Property(emby.wnodes.12.content))]</visible>
	</shortcut>
	<shortcut>
		<defaultID>embuary_emby13</defaultID>
		<label>$INFO[Window(home).Property(emby.wnodes.13.title)]</label>
		<label2/>
		<icon>$INFO[Window(home).Property(emby.wnodes.13.artwork)]</icon>
		<thumb/>
		<action>emby13</action>
		<visible>[!String.IsEmpty(Window(home).Property(emby.connected)) + !String.IsEmpty(Window(home).Property(emby.wnodes.13.content))]</visible>
	</shortcut>
	<shortcut>
		<defaultID>embuary_emby14</defaultID>
		<label>$INFO[Window(home).Property(emby.wnodes.14.title)]</label>
		<label2/>
		<icon>$INFO[Window(home).Property(emby.wnodes.14.artwork)]</icon>
		<thumb/>
		<action>emby14</action>
		<visible>[!String.IsEmpty(Window(home).Property(emby.connected)) + !String.IsEmpty(Window(home).Property(emby.wnodes.14.content))]</visible>
	</shortcut>
	<shortcut>
		<defaultID>embuary_emby15</defaultID>
		<label>$INFO[Window(home).Property(emby.wnodes.15.title)]</label>
		<label2/>
		<icon>$INFO[Window(home).Property(emby.wnodes.15.artwork)]</icon>
		<thumb/>
		<action>emby15</action>
		<visible>[!String.IsEmpty(Window(home).Property(emby.connected)) + !String.IsEmpty(Window(home).Property(emby.wnodes.15.content))]</visible>
	</shortcut>
	<shortcut>
		<defaultID>embuary_emby16</defaultID>
		<label>$INFO[Window(home).Property(emby.wnodes.16.title)]</label>
		<label2/>
		<icon>$INFO[Window(home).Property(emby.wnodes.16.artwork)]</icon>
		<thumb/>
		<action>emby16</action>
		<visible>[!String.IsEmpty(Window(home).Property(emby.connected)) + !String.IsEmpty(Window(home).Property(emby.wnodes.16.content))]</visible>
	</shortcut>
	<shortcut>
		<defaultID>embuary_emby17</defaultID>
		<label>$INFO[Window(home).Property(emby.wnodes.17.title)]</label>
		<label2/>
		<icon>$INFO[Window(home).Property(emby.wnodes.17.artwork)]</icon>
		<thumb/>
		<action>emby17</action>
		<visible>[!String.IsEmpty(Window(home).Property(emby.connected)) + !String.IsEmpty(Window(home).Property(emby.wnodes.17.content))]</visible>
	</shortcut>
	<shortcut>
		<defaultID>embuary_emby18</defaultID>
		<label>$INFO[Window(home).Property(emby.wnodes.18.title)]</label>
		<label2/>
		<icon>$INFO[Window(home).Property(emby.wnodes.18.artwork)]</icon>
		<thumb/>
		<action>emby18</action>
		<visible>[!String.IsEmpty(Window(home).Property(emby.connected)) + !String.IsEmpty(Window(home).Property(emby.wnodes.18.content))]</visible>
	</shortcut>
	<shortcut>
		<defaultID>embuary_emby19</defaultID>
		<label>$INFO[Window(home).Property(emby.wnodes.19.title)]</label>
		<label2/>
		<icon>$INFO[Window(home).Property(emby.wnodes.19.artwork)]</icon>
		<thumb/>
		<action>emby19</action>
		<visible>[!String.IsEmpty(Window(home).Property(emby.connected)) + !String.IsEmpty(Window(home).Property(emby.wnodes.19.content))]</visible>
	</shortcut>	<shortcut>
		<defaultID>embuary_emby20</defaultID>
		<label>$INFO[Window(home).Property(emby.wnodes.20.title)]</label>
		<label2/>
		<icon>$INFO[Window(home).Property(emby.wnodes.20.artwork)]</icon>
		<thumb/>
		<action>emby20</action>
		<visible>[!String.IsEmpty(Window(home).Property(emby.connected)) + !String.IsEmpty(Window(home).Property(emby.wnodes.20.content))]</visible>
	</shortcut>
	<shortcut>
		<defaultID>embuary_emby21</defaultID>
		<label>$INFO[Window(home).Property(emby.wnodes.21.title)]</label>
		<label2/>
		<icon>$INFO[Window(home).Property(emby.wnodes.21.artwork)]</icon>
		<thumb/>
		<action>emby21</action>
		<visible>[!String.IsEmpty(Window(home).Property(emby.connected)) + !String.IsEmpty(Window(home).Property(emby.wnodes.21.content))]</visible>
	</shortcut>
	<shortcut>
		<defaultID>embuary_emby22</defaultID>
		<label>$INFO[Window(home).Property(emby.wnodes.22.title)]</label>
		<label2/>
		<icon>$INFO[Window(home).Property(emby.wnodes.22.artwork)]</icon>
		<thumb/>
		<action>emby22</action>
		<visible>[!String.IsEmpty(Window(home).Property(emby.connected)) + !String.IsEmpty(Window(home).Property(emby.wnodes.22.content))]</visible>
	</shortcut>
	<shortcut>
		<defaultID>embuary_emby23</defaultID>
		<label>$INFO[Window(home).Property(emby.wnodes.23.title)]</label>
		<label2/>
		<icon>$INFO[Window(home).Property(emby.wnodes.23.artwork)]</icon>
		<thumb/>
		<action>emby23</action>
		<visible>[!String.IsEmpty(Window(home).Property(emby.connected)) + !String.IsEmpty(Window(home).Property(emby.wnodes.23.content))]</visible>
	</shortcut>
	<shortcut>
		<defaultID>embuary_emby24</defaultID>
		<label>$INFO[Window(home).Property(emby.wnodes.24.title)]</label>
		<label2/>
		<icon>$INFO[Window(home).Property(emby.wnodes.24.artwork)]</icon>
		<thumb/>
		<action>emby24</action>
		<visible>[!String.IsEmpty(Window(home).Property(emby.connected)) + !String.IsEmpty(Window(home).Property(emby.wnodes.24.content))]</visible>
	</shortcut>
	<shortcut>
		<defaultID>embuary_emby25</defaultID>
		<label>$INFO[Window(home).Property(emby.wnodes.25.title)]</label>
		<label2/>
		<icon>$INFO[Window(home).Property(emby.wnodes.25.artwork)]</icon>
		<thumb/>
		<action>emby25</action>
		<visible>[!String.IsEmpty(Window(home).Property(emby.connected)) + !String.IsEmpty(Window(home).Property(emby.wnodes.25.content))]</visible>
	</shortcut>
	<shortcut>
		<defaultID>embuary_emby26</defaultID>
		<label>$INFO[Window(home).Property(emby.wnodes.26.title)]</label>
		<label2/>
		<icon>$INFO[Window(home).Property(emby.wnodes.26.artwork)]</icon>
		<thumb/>
		<action>emby26</action>
		<visible>[!String.IsEmpty(Window(home).Property(emby.connected)) + !String.IsEmpty(Window(home).Property(emby.wnodes.26.content))]</visible>
	</shortcut>
	<shortcut>
		<defaultID>embuary_emby27</defaultID>
		<label>$INFO[Window(home).Property(emby.wnodes.27.title)]</label>
		<label2/>
		<icon>$INFO[Window(home).Property(emby.wnodes.27.artwork)]</icon>
		<thumb/>
		<action>emby27</action>
		<visible>[!String.IsEmpty(Window(home).Property(emby.connected)) + !String.IsEmpty(Window(home).Property(emby.wnodes.27.content))]</visible>
	</shortcut>
	<shortcut>
		<defaultID>embuary_emby28</defaultID>
		<label>$INFO[Window(home).Property(emby.wnodes.28.title)]</label>
		<label2/>
		<icon>$INFO[Window(home).Property(emby.wnodes.28.artwork)]</icon>
		<thumb/>
		<action>emby28</action>
		<visible>[!String.IsEmpty(Window(home).Property(emby.connected)) + !String.IsEmpty(Window(home).Property(emby.wnodes.28.content))]</visible>
	</shortcut>
	<shortcut>
		<defaultID>embuary_emby29</defaultID>
		<label>$INFO[Window(home).Property(emby.wnodes.29.title)]</label>
		<label2/>
		<icon>$INFO[Window(home).Property(emby.wnodes.29.artwork)]</icon>
		<thumb/>
		<action>emby29</action>
		<visible>[!String.IsEmpty(Window(home).Property(emby.connected)) + !String.IsEmpty(Window(home).Property(emby.wnodes.29.content))]</visible>
	</shortcut>
	<shortcut>
		<defaultID>embuary_embycon0</defaultID>
		<label>$INFO[Window(home).Property(plugin.video.embycon-view_item.0.name)] $VAR[EmbyConLabel]</label>
		<label2/>
		<icon>$INFO[Window(home).Property(plugin.video.embycon-view_item.0.thumb)]</icon>
		<thumb/>
		<action>embycon0</action>
		<visible>[System.HasAddon(plugin.video.embycon) + [String.IsEqual(Window(home).Property(plugin.video.embycon-view_item.0.type),movies) | String.IsEqual(Window(home).Property(plugin.video.embycon-view_item.0.type),tvshows) | String.IsEqual(Window(home).Property(plugin.video.embycon-view_item.0.type),music) | String.IsEqual(Window(home).Property(plugin.video.embycon-view_item.0.type),boxsets)]]</visible>
	</shortcut>
	<shortcut>
		<defaultID>embuary_embycon1</defaultID>
		<label>$INFO[Window(home).Property(plugin.video.embycon-view_item.1.name)] $VAR[EmbyConLabel]</label>
		<label2/>
		<icon>$INFO[Window(home).Property(plugin.video.embycon-view_item.1.thumb)]</icon>
		<thumb/>
		<action>embycon1</action>
		<visible>[System.HasAddon(plugin.video.embycon) + [String.IsEqual(Window(home).Property(plugin.video.embycon-view_item.1.type),movies) | String.IsEqual(Window(home).Property(plugin.video.embycon-view_item.1.type),tvshows) | String.IsEqual(Window(home).Property(plugin.video.embycon-view_item.1.type),music) | String.IsEqual(Window(home).Property(plugin.video.embycon-view_item.1.type),boxsets)]]</visible>
	</shortcut>
	<shortcut>
		<defaultID>embuary_embycon2</defaultID>
		<label>$INFO[Window(home).Property(plugin.video.embycon-view_item.2.name)] $VAR[EmbyConLabel]</label>
		<label2/>
		<icon>$INFO[Window(home).Property(plugin.video.embycon-view_item.2.thumb)]</icon>
		<thumb/>
		<action>embycon2</action>
		<visible>[System.HasAddon(plugin.video.embycon) + [String.IsEqual(Window(home).Property(plugin.video.embycon-view_item.2.type),movies) | String.IsEqual(Window(home).Property(plugin.video.embycon-view_item.2.type),tvshows) | String.IsEqual(Window(home).Property(plugin.video.embycon-view_item.2.type),music) | String.IsEqual(Window(home).Property(plugin.video.embycon-view_item.2.type),boxsets)]]</visible>
	</shortcut>
	<shortcut>
		<defaultID>embuary_embycon3</defaultID>
		<label>$INFO[Window(home).Property(plugin.video.embycon-view_item.3.name)] $VAR[EmbyConLabel]</label>
		<label2/>
		<icon>$INFO[Window(home).Property(plugin.video.embycon-view_item.3.thumb)]</icon>
		<thumb/>
		<action>embycon3</action>
		<visible>[System.HasAddon(plugin.video.embycon) + [String.IsEqual(Window(home).Property(plugin.video.embycon-view_item.3.type),movies) | String.IsEqual(Window(home).Property(plugin.video.embycon-view_item.3.type),tvshows) | String.IsEqual(Window(home).Property(plugin.video.embycon-view_item.3.type),music) | String.IsEqual(Window(home).Property(plugin.video.embycon-view_item.3.type),boxsets)]]</visible>
	</shortcut>
	<shortcut>
		<defaultID>embuary_embycon4</defaultID>
		<label>$INFO[Window(home).Property(plugin.video.embycon-view_item.4.name)] $VAR[EmbyConLabel]</label>
		<label2/>
		<icon>$INFO[Window(home).Property(plugin.video.embycon-view_item.4.thumb)]</icon>
		<thumb/>
		<action>embycon4</action>
		<visible>[System.HasAddon(plugin.video.embycon) + [String.IsEqual(Window(home).Property(plugin.video.embycon-view_item.4.type),movies) | String.IsEqual(Window(home).Property(plugin.video.embycon-view_item.4.type),tvshows) | String.IsEqual(Window(home).Property(plugin.video.embycon-view_item.4.type),music) | String.IsEqual(Window(home).Property(plugin.video.embycon-view_item.4.type),boxsets)]]</visible>
	</shortcut>
	<shortcut>
		<defaultID>embuary_embycon5</defaultID>
		<label>$INFO[Window(home).Property(plugin.video.embycon-view_item.5.name)] $VAR[EmbyConLabel]</label>
		<label2/>
		<icon>$INFO[Window(home).Property(plugin.video.embycon-view_item.5.thumb)]</icon>
		<thumb/>
		<action>embycon5</action>
		<visible>[System.HasAddon(plugin.video.embycon) + [String.IsEqual(Window(home).Property(plugin.video.embycon-view_item.5.type),movies) | String.IsEqual(Window(home).Property(plugin.video.embycon-view_item.5.type),tvshows) | String.IsEqual(Window(home).Property(plugin.video.embycon-view_item.5.type),music) | String.IsEqual(Window(home).Property(plugin.video.embycon-view_item.5.type),boxsets)]]</visible>
	</shortcut>
	<shortcut>
		<defaultID>embuary_embycon6</defaultID>
		<label>$INFO[Window(home).Property(plugin.video.embycon-view_item.6.name)] $VAR[EmbyConLabel]</label>
		<label2/>
		<icon>$INFO[Window(home).Property(plugin.video.embycon-view_item.6.thumb)]</icon>
		<thumb/>
		<action>embycon6</action>
		<visible>[System.HasAddon(plugin.video.embycon) + [String.IsEqual(Window(home).Property(plugin.video.embycon-view_item.6.type),movies) | String.IsEqual(Window(home).Property(plugin.video.embycon-view_item.6.type),tvshows) | String.IsEqual(Window(home).Property(plugin.video.embycon-view_item.6.type),music) | String.IsEqual(Window(home).Property(plugin.video.embycon-view_item.6.type),boxsets)]]</visible>
	</shortcut>
	<shortcut>
		<defaultID>embuary_embycon7</defaultID>
		<label>$INFO[Window(home).Property(plugin.video.embycon-view_item.7.name)] $VAR[EmbyConLabel]</label>
		<label2/>
		<icon>$INFO[Window(home).Property(plugin.video.embycon-view_item.7.thumb)]</icon>
		<thumb/>
		<action>embycon7</action>
		<visible>[System.HasAddon(plugin.video.embycon) + [String.IsEqual(Window(home).Property(plugin.video.embycon-view_item.7.type),movies) | String.IsEqual(Window(home).Property(plugin.video.embycon-view_item.7.type),tvshows) | String.IsEqual(Window(home).Property(plugin.video.embycon-view_item.7.type),music) | String.IsEqual(Window(home).Property(plugin.video.embycon-view_item.7.type),boxsets)]]</visible>
	</shortcut>
	<shortcut>
		<defaultID>embuary_embycon8</defaultID>
		<label>$INFO[Window(home).Property(plugin.video.embycon-view_item.8.name)] $VAR[EmbyConLabel]</label>
		<label2/>
		<icon>$INFO[Window(home).Property(plugin.video.embycon-view_item.8.thumb)]</icon>
		<thumb/>
		<action>embycon8</action>
		<visible>[System.HasAddon(plugin.video.embycon) + [String.IsEqual(Window(home).Property(plugin.video.embycon-view_item.8.type),movies) | String.IsEqual(Window(home).Property(plugin.video.embycon-view_item.8.type),tvshows) | String.IsEqual(Window(home).Property(plugin.video.embycon-view_item.8.type),music) | String.IsEqual(Window(home).Property(plugin.video.embycon-view_item.8.type),boxsets)]]</visible>
	</shortcut>
	<shortcut>
		<defaultID>embuary_embycon9</defaultID>
		<label>$INFO[Window(home).Property(plugin.video.embycon-view_item.9.name)] $VAR[EmbyConLabel]</label>
		<label2/>
		<icon>$INFO[Window(home).Property(plugin.video.embycon-view_item.9.thumb)]</icon>
		<thumb/>
		<action>embycon9</action>
		<visible>[System.HasAddon(plugin.video.embycon) + [String.IsEqual(Window(home).Property(plugin.video.embycon-view_item.9.type),movies) | String.IsEqual(Window(home).Property(plugin.video.embycon-view_item.9.type),tvshows) | String.IsEqual(Window(home).Property(plugin.video.embycon-view_item.9.type),music) | String.IsEqual(Window(home).Property(plugin.video.embycon-view_item.9.type),boxsets)]]</visible>
	</shortcut>
	<shortcut>
		<defaultID>embuary_embycon10</defaultID>
		<label>$INFO[Window(home).Property(plugin.video.embycon-view_item.10.name)] $VAR[EmbyConLabel]</label>
		<label2/>
		<icon>$INFO[Window(home).Property(plugin.video.embycon-view_item.10.thumb)]</icon>
		<thumb/>
		<action>embycon10</action>
		<visible>[System.HasAddon(plugin.video.embycon) + [String.IsEqual(Window(home).Property(plugin.video.embycon-view_item.10.type),movies) | String.IsEqual(Window(home).Property(plugin.video.embycon-view_item.10.type),tvshows) | String.IsEqual(Window(home).Property(plugin.video.embycon-view_item.10.type),music) | String.IsEqual(Window(home).Property(plugin.video.embycon-view_item.10.type),boxsets)]]</visible>
	</shortcut>
	<shortcut>
		<defaultID>embuary_embycon11</defaultID>
		<label>$INFO[Window(home).Property(plugin.video.embycon-view_item.11.name)] $VAR[EmbyConLabel]</label>
		<label2/>
		<icon>$INFO[Window(home).Property(plugin.video.embycon-view_item.11.thumb)]</icon>
		<thumb/>
		<action>embycon11</action>
		<visible>[System.HasAddon(plugin.video.embycon) + [String.IsEqual(Window(home).Property(plugin.video.embycon-view_item.11.type),movies) | String.IsEqual(Window(home).Property(plugin.video.embycon-view_item.11.type),tvshows) | String.IsEqual(Window(home).Property(plugin.video.embycon-view_item.11.type),music) | String.IsEqual(Window(home).Property(plugin.video.embycon-view_item.11.type),boxsets)]]</visible>
	</shortcut>
	<shortcut>
		<defaultID>embuary_embycon12</defaultID>
		<label>$INFO[Window(home).Property(plugin.video.embycon-view_item.12.name)] $VAR[EmbyConLabel]</label>
		<label2/>
		<icon>$INFO[Window(home).Property(plugin.video.embycon-view_item.12.thumb)]</icon>
		<thumb/>
		<action>embycon12</action>
		<visible>[System.HasAddon(plugin.video.embycon) + [String.IsEqual(Window(home).Property(plugin.video.embycon-view_item.12.type),movies) | String.IsEqual(Window(home).Property(plugin.video.embycon-view_item.12.type),tvshows) | String.IsEqual(Window(home).Property(plugin.video.embycon-view_item.12.type),music) | String.IsEqual(Window(home).Property(plugin.video.embycon-view_item.12.type),boxsets)]]</visible>
	</shortcut>
	<shortcut>
		<defaultID>embuary_embycon13</defaultID>
		<label>$INFO[Window(home).Property(plugin.video.embycon-view_item.13.name)] $VAR[EmbyConLabel]</label>
		<label2/>
		<icon>$INFO[Window(home).Property(plugin.video.embycon-view_item.13.thumb)]</icon>
		<thumb/>
		<action>embycon13</action>
		<visible>[System.HasAddon(plugin.video.embycon) + [String.IsEqual(Window(home).Property(plugin.video.embycon-view_item.13.type),movies) | String.IsEqual(Window(home).Property(plugin.video.embycon-view_item.13.type),tvshows) | String.IsEqual(Window(home).Property(plugin.video.embycon-view_item.13.type),music) | String.IsEqual(Window(home).Property(plugin.video.embycon-view_item.13.type),boxsets)]]</visible>
	</shortcut>
	<shortcut>
		<defaultID>embuary_embycon14</defaultID>
		<label>$INFO[Window(home).Property(plugin.video.embycon-view_item.14.name)] $VAR[EmbyConLabel]</label>
		<label2/>
		<icon>$INFO[Window(home).Property(plugin.video.embycon-view_item.14.thumb)]</icon>
		<thumb/>
		<action>embycon14</action>
		<visible>[System.HasAddon(plugin.video.embycon) + [String.IsEqual(Window(home).Property(plugin.video.embycon-view_item.14.type),movies) | String.IsEqual(Window(home).Property(plugin.video.embycon-view_item.14.type),tvshows) | String.IsEqual(Window(home).Property(plugin.video.embycon-view_item.14.type),music) | String.IsEqual(Window(home).Property(plugin.video.embycon-view_item.14.type),boxsets)]]</visible>
	</shortcut>
	<shortcut>
		<defaultID>embuary_embycon15</defaultID>
		<label>$INFO[Window(home).Property(plugin.video.embycon-view_item.15.name)] $VAR[EmbyConLabel]</label>
		<label2/>
		<icon>$INFO[Window(home).Property(plugin.video.embycon-view_item.15.thumb)]</icon>
		<thumb/>
		<action>embycon15</action>
		<visible>[System.HasAddon(plugin.video.embycon) + [String.IsEqual(Window(home).Property(plugin.video.embycon-view_item.15.type),movies) | String.IsEqual(Window(home).Property(plugin.video.embycon-view_item.15.type),tvshows) | String.IsEqual(Window(home).Property(plugin.video.embycon-view_item.15.type),music) | String.IsEqual(Window(home).Property(plugin.video.embycon-view_item.15.type),boxsets)]]</visible>
	</shortcut>
	<shortcut>
		<defaultID>embuary_embycon16</defaultID>
		<label>$INFO[Window(home).Property(plugin.video.embycon-view_item.16.name)] $VAR[EmbyConLabel]</label>
		<label2/>
		<icon>$INFO[Window(home).Property(plugin.video.embycon-view_item.16.thumb)]</icon>
		<thumb/>
		<action>embycon16</action>
		<visible>[System.HasAddon(plugin.video.embycon) + [String.IsEqual(Window(home).Property(plugin.video.embycon-view_item.16.type),movies) | String.IsEqual(Window(home).Property(plugin.video.embycon-view_item.16.type),tvshows) | String.IsEqual(Window(home).Property(plugin.video.embycon-view_item.16.type),music) | String.IsEqual(Window(home).Property(plugin.video.embycon-view_item.16.type),boxsets)]]</visible>
	</shortcut>
	<shortcut>
		<defaultID>embuary_embycon17</defaultID>
		<label>$INFO[Window(home).Property(plugin.video.embycon-view_item.17.name)] $VAR[EmbyConLabel]</label>
		<label2/>
		<icon>$INFO[Window(home).Property(plugin.video.embycon-view_item.17.thumb)]</icon>
		<thumb/>
		<action>embycon17</action>
		<visible>[System.HasAddon(plugin.video.embycon) + [String.IsEqual(Window(home).Property(plugin.video.embycon-view_item.17.type),movies) | String.IsEqual(Window(home).Property(plugin.video.embycon-view_item.17.type),tvshows) | String.IsEqual(Window(home).Property(plugin.video.embycon-view_item.17.type),music) | String.IsEqual(Window(home).Property(plugin.video.embycon-view_item.17.type),boxsets)]]</visible>
	</shortcut>
	<shortcut>
		<defaultID>embuary_embycon18</defaultID>
		<label>$INFO[Window(home).Property(plugin.video.embycon-view_item.18.name)] $VAR[EmbyConLabel]</label>
		<label2/>
		<icon>$INFO[Window(home).Property(plugin.video.embycon-view_item.18.thumb)]</icon>
		<thumb/>
		<action>embycon18</action>
		<visible>[System.HasAddon(plugin.video.embycon) + [String.IsEqual(Window(home).Property(plugin.video.embycon-view_item.18.type),movies) | String.IsEqual(Window(home).Property(plugin.video.embycon-view_item.18.type),tvshows) | String.IsEqual(Window(home).Property(plugin.video.embycon-view_item.18.type),music) | String.IsEqual(Window(home).Property(plugin.video.embycon-view_item.18.type),boxsets)]]</visible>
	</shortcut>
	<shortcut>
		<defaultID>embuary_embycon19</defaultID>
		<label>$INFO[Window(home).Property(plugin.video.embycon-view_item.19.name)] $VAR[EmbyConLabel]</label>
		<label2/>
		<icon>$INFO[Window(home).Property(plugin.video.embycon-view_item.19.thumb)]</icon>
		<thumb/>
		<action>embycon19</action>
		<visible>[System.HasAddon(plugin.video.embycon) + [String.IsEqual(Window(home).Property(plugin.video.embycon-view_item.19.type),movies) | String.IsEqual(Window(home).Property(plugin.video.embycon-view_item.19.type),tvshows) | String.IsEqual(Window(home).Property(plugin.video.embycon-view_item.19.type),music) | String.IsEqual(Window(home).Property(plugin.video.embycon-view_item.19.type),boxsets)]]</visible>
	</shortcut>
	<shortcut>
		<defaultID>embuary_embycon20</defaultID>
		<label>$INFO[Window(home).Property(plugin.video.embycon-view_item.20.name)] $VAR[EmbyConLabel]</label>
		<label2/>
		<icon>$INFO[Window(home).Property(plugin.video.embycon-view_item.20.thumb)]</icon>
		<thumb/>
		<action>embycon20</action>
		<visible>[System.HasAddon(plugin.video.embycon) + [String.IsEqual(Window(home).Property(plugin.video.embycon-view_item.20.type),movies) | String.IsEqual(Window(home).Property(plugin.video.embycon-view_item.20.type),tvshows) | String.IsEqual(Window(home).Property(plugin.video.embycon-view_item.20.type),music) | String.IsEqual(Window(home).Property(plugin.video.embycon-view_item.20.type),boxsets)]]</visible>
	</shortcut>
	<shortcut>
		<defaultID>embuary_embycon21</defaultID>
		<label>$INFO[Window(home).Property(plugin.video.embycon-view_item.21.name)] $VAR[EmbyConLabel]</label>
		<label2/>
		<icon>$INFO[Window(home).Property(plugin.video.embycon-view_item.21.thumb)]</icon>
		<thumb/>
		<action>embycon21</action>
		<visible>[System.HasAddon(plugin.video.embycon) + [String.IsEqual(Window(home).Property(plugin.video.embycon-view_item.21.type),movies) | String.IsEqual(Window(home).Property(plugin.video.embycon-view_item.21.type),tvshows) | String.IsEqual(Window(home).Property(plugin.video.embycon-view_item.21.type),music) | String.IsEqual(Window(home).Property(plugin.video.embycon-view_item.21.type),boxsets)]]</visible>
	</shortcut>
	<shortcut>
		<defaultID>embuary_embycon22</defaultID>
		<label>$INFO[Window(home).Property(plugin.video.embycon-view_item.22.name)] $VAR[EmbyConLabel]</label>
		<label2/>
		<icon>$INFO[Window(home).Property(plugin.video.embycon-view_item.22.thumb)]</icon>
		<thumb/>
		<action>embycon22</action>
		<visible>[System.HasAddon(plugin.video.embycon) + [String.IsEqual(Window(home).Property(plugin.video.embycon-view_item.22.type),movies) | String.IsEqual(Window(home).Property(plugin.video.embycon-view_item.22.type),tvshows) | String.IsEqual(Window(home).Property(plugin.video.embycon-view_item.22.type),music) | String.IsEqual(Window(home).Property(plugin.video.embycon-view_item.22.type),boxsets)]]</visible>
	</shortcut>
	<shortcut>
		<defaultID>embuary_embycon23</defaultID>
		<label>$INFO[Window(home).Property(plugin.video.embycon-view_item.23.name)] $VAR[EmbyConLabel]</label>
		<label2/>
		<icon>$INFO[Window(home).Property(plugin.video.embycon-view_item.23.thumb)]</icon>
		<thumb/>
		<action>embycon23</action>
		<visible>[System.HasAddon(plugin.video.embycon) + [String.IsEqual(Window(home).Property(plugin.video.embycon-view_item.23.type),movies) | String.IsEqual(Window(home).Property(plugin.video.embycon-view_item.23.type),tvshows) | String.IsEqual(Window(home).Property(plugin.video.embycon-view_item.23.type),music) | String.IsEqual(Window(home).Property(plugin.video.embycon-view_item.23.type),boxsets)]]</visible>
	</shortcut>
	<shortcut>
		<defaultID>embuary_embycon24</defaultID>
		<label>$INFO[Window(home).Property(plugin.video.embycon-view_item.24.name)] $VAR[EmbyConLabel]</label>
		<label2/>
		<icon>$INFO[Window(home).Property(plugin.video.embycon-view_item.24.thumb)]</icon>
		<thumb/>
		<action>embycon24</action>
		<visible>[System.HasAddon(plugin.video.embycon) + [String.IsEqual(Window(home).Property(plugin.video.embycon-view_item.24.type),movies) | String.IsEqual(Window(home).Property(plugin.video.embycon-view_item.24.type),tvshows) | String.IsEqual(Window(home).Property(plugin.video.embycon-view_item.24.type),music) | String.IsEqual(Window(home).Property(plugin.video.embycon-view_item.24.type),boxsets)]]</visible>
	</shortcut>
	<shortcut>
		<defaultID>embuary_embycon25</defaultID>
		<label>$INFO[Window(home).Property(plugin.video.embycon-view_item.25.name)] $VAR[EmbyConLabel]</label>
		<label2/>
		<icon>$INFO[Window(home).Property(plugin.video.embycon-view_item.25.thumb)]</icon>
		<thumb/>
		<action>embycon25</action>
		<visible>[System.HasAddon(plugin.video.embycon) + [String.IsEqual(Window(home).Property(plugin.video.embycon-view_item.25.type),movies) | String.IsEqual(Window(home).Property(plugin.video.embycon-view_item.25.type),tvshows) | String.IsEqual(Window(home).Property(plugin.video.embycon-view_item.25.type),music) | String.IsEqual(Window(home).Property(plugin.video.embycon-view_item.25.type),boxsets)]]</visible>
	</shortcut>
	<shortcut>
		<defaultID>embuary_embycon26</defaultID>
		<label>$INFO[Window(home).Property(plugin.video.embycon-view_item.26.name)] $VAR[EmbyConLabel]</label>
		<label2/>
		<icon>$INFO[Window(home).Property(plugin.video.embycon-view_item.26.thumb)]</icon>
		<thumb/>
		<action>embycon26</action>
		<visible>[System.HasAddon(plugin.video.embycon) + [String.IsEqual(Window(home).Property(plugin.video.embycon-view_item.26.type),movies) | String.IsEqual(Window(home).Property(plugin.video.embycon-view_item.26.type),tvshows) | String.IsEqual(Window(home).Property(plugin.video.embycon-view_item.26.type),music) | String.IsEqual(Window(home).Property(plugin.video.embycon-view_item.26.type),boxsets)]]</visible>
	</shortcut>
	<shortcut>
		<defaultID>embuary_embycon27</defaultID>
		<label>$INFO[Window(home).Property(plugin.video.embycon-view_item.27.name)] $VAR[EmbyConLabel]</label>
		<label2/>
		<icon>$INFO[Window(home).Property(plugin.video.embycon-view_item.27.thumb)]</icon>
		<thumb/>
		<action>embycon27</action>
		<visible>[System.HasAddon(plugin.video.embycon) + [String.IsEqual(Window(home).Property(plugin.video.embycon-view_item.27.type),movies) | String.IsEqual(Window(home).Property(plugin.video.embycon-view_item.27.type),tvshows) | String.IsEqual(Window(home).Property(plugin.video.embycon-view_item.27.type),music) | String.IsEqual(Window(home).Property(plugin.video.embycon-view_item.27.type),boxsets)]]</visible>
	</shortcut>
	<shortcut>
		<defaultID>embuary_embycon28</defaultID>
		<label>$INFO[Window(home).Property(plugin.video.embycon-view_item.28.name)] $VAR[EmbyConLabel]</label>
		<label2/>
		<icon>$INFO[Window(home).Property(plugin.video.embycon-view_item.28.thumb)]</icon>
		<thumb/>
		<action>embycon28</action>
		<visible>[System.HasAddon(plugin.video.embycon) + [String.IsEqual(Window(home).Property(plugin.video.embycon-view_item.28.type),movies) | String.IsEqual(Window(home).Property(plugin.video.embycon-view_item.28.type),tvshows) | String.IsEqual(Window(home).Property(plugin.video.embycon-view_item.28.type),music) | String.IsEqual(Window(home).Property(plugin.video.embycon-view_item.28.type),boxsets)]]</visible>
	</shortcut>
	<shortcut>
		<defaultID>embuary_embycon29</defaultID>
		<label>$INFO[Window(home).Property(plugin.video.embycon-view_item.29.name)] $VAR[EmbyConLabel]</label>
		<label2/>
		<icon>$INFO[Window(home).Property(plugin.video.embycon-view_item.29.thumb)]</icon>
		<thumb/>
		<action>embycon29</action>
		<visible>[System.HasAddon(plugin.video.embycon) + [String.IsEqual(Window(home).Property(plugin.video.embycon-view_item.29.type),movies) | String.IsEqual(Window(home).Property(plugin.video.embycon-view_item.29.type),tvshows) | String.IsEqual(Window(home).Property(plugin.video.embycon-view_item.29.type),music) | String.IsEqual(Window(home).Property(plugin.video.embycon-view_item.29.type),boxsets)]]</visible>
	</shortcut>
	<!-- pvr -->
	<shortcut>
		<defaultID>embuary_pvr</defaultID>
		<label>$VAR[PVRLabel]</label>
		<label2/>
		<icon>special://skin/extras/icons/thumb_livetv.jpg</icon>
		<thumb/>
		<action>ActivateWindow(1124,return)</action>
		<visible>Pvr.HasTVChannels</visible>
	</shortcut>
	<shortcut>
		<defaultID>embuary_recordings</defaultID>
		<label>19017</label>
		<label2/>
		<icon>special://skin/extras/icons/thumb_recordings.jpg</icon>
		<thumb/>
		<action>ActivateWindow(tvrecordings)</action>
		<visible>Pvr.HasTVChannels</visible>
	</shortcut>
	<shortcut>
		<defaultID>embuary_all_music</defaultID>
		<label>2</label>
		<label2/>
		<icon>$VAR[MainMenuMusicHubIcon]</icon>
		<thumb/>
		<action>ActivateWindow(1122,return)</action>
		<visible>[Library.HasContent(music)
		| [System.HasAddon(plugin.video.embycon) + [
		String.IsEqual(Window(home).Property(plugin.video.embycon-view_item.0.type),music)
		| String.IsEqual(Window(home).Property(plugin.video.embycon-view_item.1.type),music)
		| String.IsEqual(Window(home).Property(plugin.video.embycon-view_item.2.type),music)
		| String.IsEqual(Window(home).Property(plugin.video.embycon-view_item.3.type),music)
		| String.IsEqual(Window(home).Property(plugin.video.embycon-view_item.4.type),music)
		| String.IsEqual(Window(home).Property(plugin.video.embycon-view_item.5.type),music)
		| String.IsEqual(Window(home).Property(plugin.video.embycon-view_item.6.type),music)
		| String.IsEqual(Window(home).Property(plugin.video.embycon-view_item.7.type),music)
		| String.IsEqual(Window(home).Property(plugin.video.embycon-view_item.8.type),music)
		| String.IsEqual(Window(home).Property(plugin.video.embycon-view_item.9.type),music)
		| String.IsEqual(Window(home).Property(plugin.video.embycon-view_item.10.type),music)
		| String.IsEqual(Window(home).Property(plugin.video.embycon-view_item.11.type),music)
		| String.IsEqual(Window(home).Property(plugin.video.embycon-view_item.12.type),music)
		| String.IsEqual(Window(home).Property(plugin.video.embycon-view_item.13.type),music)
		| String.IsEqual(Window(home).Property(plugin.video.embycon-view_item.14.type),music)
		| String.IsEqual(Window(home).Property(plugin.video.embycon-view_item.15.type),music)
		| String.IsEqual(Window(home).Property(plugin.video.embycon-view_item.16.type),music)
		| String.IsEqual(Window(home).Property(plugin.video.embycon-view_item.17.type),music)
		| String.IsEqual(Window(home).Property(plugin.video.embycon-view_item.18.type),music)
		| String.IsEqual(Window(home).Property(plugin.video.embycon-view_item.19.type),music)
		| String.IsEqual(Window(home).Property(plugin.video.embycon-view_item.20.type),music)
		| String.IsEqual(Window(home).Property(plugin.video.embycon-view_item.21.type),music)
		| String.IsEqual(Window(home).Property(plugin.video.embycon-view_item.22.type),music)
		| String.IsEqual(Window(home).Property(plugin.video.embycon-view_item.23.type),music)
		| String.IsEqual(Window(home).Property(plugin.video.embycon-view_item.24.type),music)
		| String.IsEqual(Window(home).Property(plugin.video.embycon-view_item.25.type),music)
		| String.IsEqual(Window(home).Property(plugin.video.embycon-view_item.26.type),music)
		| String.IsEqual(Window(home).Property(plugin.video.embycon-view_item.27.type),music)
		| String.IsEqual(Window(home).Property(plugin.video.embycon-view_item.28.type),music)
		| String.IsEqual(Window(home).Property(plugin.video.embycon-view_item.29.type),music)
		]]]</visible>
	</shortcut>
	<shortcut>
		<defaultID>embuary_musicvideos</defaultID>
		<label>20389</label>
		<label2/>
		<icon>DefaultVideo.png</icon>
		<thumb/>
		<action>ActivateWindow(videos,videodb://musicvideos/titles/,return)</action>
		<visible>Library.HasContent(musicvideos)</visible>
	</shortcut>
	<shortcut>
		<defaultID>embuary_customhub</defaultID>
		<label>$VAR[CustomHubHeadline]</label>
		<label2/>
		<icon>special://skin/extras/icons/thumb_customhub.jpg</icon>
		<thumb/>
		<action>ActivateWindow(1125,return)</action>
		<visible>Skin.HasSetting(ShowCustomHub)</visible>
	</shortcut>
	<shortcut>
		<defaultID>embuary_addons</defaultID>
		<label>24001</label>
		<label2/>
		<icon>special://skin/extras/icons/thumb_addons.jpg</icon>
		<thumb/>
		<action>ActivateWindow(1123,return)</action>
	</shortcut>
	<shortcut>
		<defaultID>embuary_addons</defaultID>
		<label>20244</label>
		<label2/>
		<icon>special://skin/extras/icons/thumb_android.jpg</icon>
		<thumb/>
		<action>ActivateWindow(programs,androidapp://sources/apps/,return)</action>
		<visible>System.Platform.Android</visible>
	</shortcut>
</shortcuts>
