<?xml version="1.0" encoding="UTF-8"?>
<template>

	<other include="itemArt">
		<condition tag="property" attribute="name|group">mainmenu</condition>
		<condition tag="property" attribute="name|useFakeArt">true</condition>
		<condition tag="property" attribute="name|list"/>
		<match>all</match>
		<property name="list" tag="property" attribute="name|fakeArtSource" />
		<property name="list" tag="property" attribute="name|list" />
		<property name="id" tag="mainmenuid" />
		<controls>
			<control type="list" id="4343$SKINSHORTCUTS[id]">
				<include>HiddenObject</include>
				<content limit="4" sortby="random">$SKINSHORTCUTS[list]</content>
			</control>
		</controls>
	</other>

</template>

